AnimalType,IntakeMonth,Breed,Age,Sex,SpayNeuter,Size,Color,IntakeType,Class
CAT,May,,,FEMALE,false,MED,GRAY TIGER,Stray,Euthanized
CAT,April,,,FEMALE,false,KITTN,BLK SMOKE,Stray,Euthanized
CAT,September,,Infant - Younger than 6 months,UNKNOWN,false,KITTN,GRAY,Owner Surrender,Euthanized
DOG,December,GERM SHEPHERD - ALASKAN HUSKY,Infant - Younger than 6 months,FEMALE,false,PUPPY,BLACK,Owner Surrender,Other
CAT,December,,Infant - Younger than 6 months,FEMALE,true,KITTN,BLACK,Stray,Other
DOG,April,BEAGLE - MIX,Older than 1 year,FEMALE,true,MED,BLACK,Foster Return,Other
DOG,July,,Older than 1 year,FEMALE,true,MED,BLUE,Owner Surrender,Home
DOG,July,CHIHUAHUA SH - MIX,Infant - Younger than 6 months,FEMALE,false,SMALL,WHITE,Owner Surrender,Other
CAT,June,,,MALE,false,MED,BLACK,Stray,Euthanized
CAT,November,,,MALE,false,LARGE,ORG TABBY,Owner Surrender,Euthanized
DOG,August,PIT BULL - MIX,Older than 1 year,MALE,false,MED,WHITE,Stray,Euthanized
CAT,August,,Older than 1 year,UNKNOWN,false,LARGE,BRN TABBY,Stray,Other
DOG,January,,Youth - Younger than 1 year,MALE,true,MED,TRICOLOR,Owner Surrender,Home
CAT,October,,Infant - Younger than 6 months,MALE,false,KITTN,BLACK,Stray,Other
DOG,August,,Older than 1 year,FEMALE,true,LARGE,BROWN,Stray,Euthanized
CAT,June,,,UNKNOWN,false,KITTN,BLACK,Stray,Euthanized
CAT,January,,Older than 1 year,FEMALE,false,MED,BLACK,Owner Surrender,Euthanized
CAT,May,,,MALE,false,LARGE,ORANGE,Stray,Euthanized
DOG,November,POINTER - MIX,Infant - Younger than 6 months,FEMALE,false,PUPPY,WHITE,Owner Surrender,Other
CAT,May,,,MALE,false,KITTN,ORANGE,Stray,Euthanized
CAT,August,,Infant - Younger than 6 months,FEMALE,false,KITTN,BLACK,Stray,Other
DOG,October,CHIHUAHUA SH - POMERANIAN,Older than 7 years,MALE,true,SMALL,BROWN,Owner Surrender,Euthanized
CAT,December,,Youth - Younger than 1 year,MALE,true,MED,ORG TABBY,Owner Surrender,Home
CAT,July,,Older than 1 year,MALE,false,LARGE,BRN TABBY,Stray,Euthanized
CAT,June,,,UNKNOWN,false,LARGE,CALICO,Stray,Euthanized
DOG,September,,Older than 1 year,FEMALE,true,LARGE,YELLOW,Stray,Other
DOG,September,,Older than 1 year,MALE,false,LARGE,BLACK,Stray,Euthanized
DOG,November,VIZSLA - LABRADOR RETR,Older than 1 year,MALE,true,LARGE,BROWN,Stray,Home
CAT,July,,,FEMALE,false,LARGE,GRAY,Stray,Other
DOG,July,BEAGLE - BASSET HOUND,Older than 1 year,MALE,false,MED,TRICOLOR,Stray,Other
CAT,August,,Older than 1 year,FEMALE,true,LARGE,TORTIE,Owner Surrender,Other
DOG,April,,,MALE,false,PUPPY,WHITE,Stray,Home
DOG,September,,Older than 1 year,FEMALE,true,SMALL,WHITE,Owner Surrender,Home
DOG,May,GERM SHEPHERD - DOBERMAN PINSCH,,FEMALE,false,PUPPY,BROWN,Stray,Other
CAT,July,,,MALE,false,KITTN,WHITE,Owner Surrender,Euthanized
DOG,August,,Youth - Younger than 1 year,FEMALE,true,MED,BLACK,Owner Surrender,Home
DOG,December,,Youth - Younger than 1 year,MALE,true,SMALL,BLACK,Stray,Home
CAT,April,,,UNKNOWN,false,KITTN,BLACK,Stray,Other
DOG,December,,,MALE,false,LARGE,BROWN,Stray,Euthanized
DOG,January,COLLIE SMOOTH - MIX,Youth - Younger than 1 year,FEMALE,true,MED,TRICOLOR,Stray,Home
CAT,June,,,UNKNOWN,false,KITTN,BLACK,Stray,Euthanized
CAT,March,,Older than 1 year,MALE,true,MED,ORANGE,Stray,Other
CAT,May,,,MALE,false,KITTN,BRN TABBY,Foster Return,Home
CAT,May,,Infant - Younger than 6 months,FEMALE,false,KITTN,BLK TABBY,Owner Surrender,Euthanized
DOG,April,SHIH TZU - MIX,,FEMALE,false,TOY,GRAY,Stray,Other
CAT,June,,Infant - Younger than 6 months,UNKNOWN,false,KITTN,GRAY TABBY,Owner Surrender,Euthanized
DOG,March,GERM SHEPHERD - NEWFOUNDLAND,Youth - Younger than 1 year,MALE,true,PUPPY,BLACK,Stray,Other
CAT,April,,,UNKNOWN,false,MED,BLACK,Stray,Euthanized
CAT,March,,Youth - Younger than 1 year,FEMALE,true,KITTN,BRN TABBY,Owner Surrender,Home
CAT,September,,Youth - Younger than 1 year,MALE,false,LARGE,GRAY TABBY,Stray,Other
DOG,February,,Older than 1 year,MALE,true,LARGE,WHITE,Owner Surrender,Home
DOG,December,,,FEMALE,false,MED,BR BRINDLE,Stray,Euthanized
DOG,March,LABRADOR RETR - GERM SHEPHERD,Infant - Younger than 6 months,FEMALE,true,PUPPY,BLACK,Owner Surrender,Home
CAT,June,,,UNKNOWN,false,KITTN,ORANGE,Stray,Euthanized
CAT,September,,Infant - Younger than 6 months,FEMALE,false,KITTN,BLACK,Stray,Other
DOG,November,,Older than 1 year,MALE,true,SMALL,TRICOLOR,Owner Surrender,Home
DOG,March,LABRADOR RETR - WEIMARANER,Infant - Younger than 6 months,UNKNOWN,false,PUPPY,BLACK,Owner Surrender,Other
CAT,May,,Youth - Younger than 1 year,MALE,true,KITTN,WHITE,Owner Surrender,Home
CAT,August,,,FEMALE,false,KITTN,BLK TABBY,Owner Surrender,Euthanized
DOG,August,,Youth - Younger than 1 year,FEMALE,false,MED,BLACK,Stray,Euthanized
DOG,April,,Older than 1 year,MALE,true,LARGE,BLACK,Impound,Home
DOG,June,,Infant - Younger than 6 months,MALE,true,PUPPY,BR BRINDLE,Stray,Home
CAT,November,,,UNKNOWN,false,KITTN,BLACK,Stray,Euthanized
CAT,March,,Infant - Younger than 6 months,MALE,true,SMALL,GRAY TABBY,Stray,Other
DOG,May,GERM SHEPHERD - MIX,Infant - Younger than 6 months,MALE,true,PUPPY,BLACK,Stray,Home
CAT,June,,,UNKNOWN,false,LARGE,GRAY TABBY,Stray,Euthanized
CAT,August,,Youth - Younger than 1 year,MALE,true,KITTN,WHITE,Stray,Home
CAT,January,,,MALE,true,LARGE,ORANGE,Stray,Euthanized
DOG,June,CHOW CHOW - LABRADOR RETR,,MALE,false,MED,BLACK,Stray,Euthanized
CAT,May,,,MALE,false,KITTN,ORG TABBY,Stray,Euthanized
DOG,October,,Older than 7 years,MALE,true,MED,WHITE,Owner Surrender,Euthanized
DOG,April,,,FEMALE,true,LARGE,GOLD,Stray,Home
CAT,April,,,UNKNOWN,false,KITTN,BLACK,Stray,Euthanized
DOG,May,LABRADOR RETR - MIX,,FEMALE,false,PUPPY,WHITE,Stray,Euthanized
CAT,April,,,MALE,false,MED,GRAY TABBY,Stray,Euthanized
CAT,June,,,MALE,false,KITTN,ORG TABBY,Stray,Euthanized
DOG,January,,,MALE,false,MED,TRICOLOR,Stray,Euthanized
CAT,February,,Older than 1 year,FEMALE,true,MED,TORTIE,Stray,Home
CAT,August,,Older than 1 year,MALE,true,LARGE,GRAY,Stray,Home
DOG,January,,Older than 7 years,MALE,true,SMALL,BLACK,Owner Surrender,Other
DOG,July,,Older than 1 year,MALE,false,LARGE,BROWN,Impound,Euthanized
DOG,November,ROTTWEILER - PIT BULL,Infant - Younger than 6 months,UNKNOWN,false,PUPPY,BROWN,Owner Surrender,Euthanized
DOG,July,,Older than 1 year,MALE,true,LARGE,GRAY,Stray,Home
DOG,December,,Older than 1 year,MALE,true,LARGE,BLACK,Stray,Home
DOG,February,PIT BULL - MIX,Youth - Younger than 1 year,FEMALE,false,LARGE,BR BRINDLE,Stray,Euthanized
DOG,June,LABRADOR RETR - MIX,Infant - Younger than 6 months,MALE,true,LARGE,BLACK,Owner Surrender,Home
DOG,August,,Infant - Younger than 6 months,FEMALE,false,PUPPY,BLACK,Stray,Other
CAT,June,,,FEMALE,false,MED,GRAY,Owner Surrender,Euthanized
CAT,September,,Infant - Younger than 6 months,MALE,false,KITTN,BRN TABBY,Stray,Other
DOG,August,,,MALE,false,X-LRG,UNKNOWN,Reported Lost by Public,Other
DOG,July,CHIHUAHUA LH - FLAT COAT RETR,Infant - Younger than 6 months,MALE,true,PUPPY,BROWN,Stray,Home
DOG,November,,,FEMALE,false,MED,BLACK,Stray,Euthanized
CAT,May,,,FEMALE,false,KITTN,ORG TABBY,Stray,Euthanized
DOG,March,,Older than 1 year,FEMALE,true,SMALL,TAN,Stray,Home
DOG,August,LABRADOR RETR - MIX,Youth - Younger than 1 year,FEMALE,true,MED,BLACK,Stray,Other
DOG,March,BOSTON TERRIER - MIX,,MALE,false,SMALL,BLACK,Stray,Euthanized
CAT,April,,Older than 1 year,FEMALE,true,MED,BLACK,Owner Surrender,Euthanized
CAT,July,,,UNKNOWN,false,LARGE,BLACK,Owner Surrender,Euthanized
DOG,October,,Older than 7 years,MALE,true,MED,WHITE,Owner Surrender,Other
DOG,July,,,FEMALE,false,MED,BROWN,Owner Surrender,Euthanized
CAT,October,,Infant - Younger than 6 months,MALE,true,MED,BLACK,Stray,Home
CAT,July,BENGAL - MIX,Infant - Younger than 6 months,FEMALE,true,KITTN,GRAY TABBY,Stray,Other
DOG,July,,,MALE,false,MED,BR BRINDLE,Foster Return,Other
DOG,July,,Older than 1 year,MALE,false,SMALL,CREAM,Stray,Other
DOG,July,,,FEMALE,false,MED,BROWN,Stray,Euthanized
DOG,June,AUST SHEPHERD - MIX,Infant - Younger than 6 months,FEMALE,false,PUPPY,WHITE,Stray,Other
DOG,January,,Older than 7 years,MALE,false,LARGE,RED,Owner Surrender,Other
DOG,June,PLOTT HOUND - DOBERMAN PINSCH,Older than 1 year,FEMALE,true,LARGE,BLACK,Owner Surrender,Other
CAT,August,,,UNKNOWN,false,MED,BLK SMOKE,Stray,Euthanized
CAT,July,,Older than 1 year,FEMALE,false,MED,WHITE,Stray,Euthanized
CAT,April,,Older than 1 year,FEMALE,true,SMALL,BRN TABBY,Foster Return,Home
DOG,May,PIT BULL - MIX,,MALE,true,MED,BLACK,Stray,Home
CAT,August,,Infant - Younger than 6 months,MALE,true,KITTN,BRN TABBY,Foster Return,Home
DOG,June,SILKY TERRIER - MIX,Older than 1 year,MALE,true,SMALL,BROWN,Stray,Home
DOG,June,,Older than 1 year,MALE,false,LARGE,WHITE,Owner Surrender,Other
DOG,March,,,MALE,true,MED,TAN,Stray,Euthanized
DOG,November,,,UNKNOWN,false,LARGE,BROWN,Stray,Other
DOG,February,BEAGLE - SIBERIAN HUSKY,Older than 1 year,FEMALE,true,MED,BROWN,Stray,Home
CAT,December,,Infant - Younger than 6 months,MALE,false,KITTN,GRAY,Stray,Euthanized
DOG,August,LABRADOR RETR - MIX,,MALE,false,MED,BLACK,Stray,Euthanized
CAT,June,,,MALE,false,LARGE,WHITE,Stray,Euthanized
CAT,October,,Infant - Younger than 6 months,UNKNOWN,false,KITTN,BRN TABBY,Stray,Euthanized
CAT,June,DOMESTIC SH - DOMESTIC SH,,FEMALE,false,SMALL,BRN TABBY,Stray,Euthanized
CAT,August,,,MALE,false,SMALL,GRAY,Owner Surrender,Euthanized
CAT,February,,,FEMALE,false,MED,TORTIE,Stray,Euthanized
CAT,November,,,MALE,false,MED,BLACK,Stray,Euthanized
DOG,February,,Older than 7 years,MALE,true,SMALL,WHITE,Stray,Home
DOG,April,,,MALE,true,LARGE,YELLOW,Stray,Home
DOG,August,GOLDEN RETR - BLACK/TAN HOUND,Older than 1 year,MALE,true,LARGE,GOLD,Owner Surrender,Home
CAT,June,,Older than 1 year,FEMALE,true,MED,BLACK,Impound,Other
CAT,February,,Infant - Younger than 6 months,MALE,true,KITTN,BUFF,Owner Surrender,Home
DOG,April,POMERANIAN - CHIHUAHUA LH,Older than 1 year,MALE,true,SMALL,CREAM,Owner Surrender,Other
DOG,October,LABRADOR RETR - MIX,Older than 1 year,FEMALE,true,MED,BLACK,Stray,Other
CAT,April,,Infant - Younger than 6 months,MALE,true,KITTN,GRAY TABBY,Owner Surrender,Other
DOG,July,POODLE TOY - MIX,Older than 1 year,FEMALE,true,TOY,WHITE,Stray,Home
DOG,September,GERM SHEPHERD - BOXER,Infant - Younger than 6 months,MALE,true,PUPPY,BROWN,Stray,Home
CAT,March,,,MALE,false,LARGE,BRN TABBY,Stray,Euthanized
DOG,February,PUG - BEAGLE,Older than 1 year,MALE,true,MED,BROWN,Owner Surrender,Euthanized
DOG,September,,Older than 1 year,FEMALE,true,MED,BLACK,Stray,Home
DOG,January,,,MALE,false,LARGE,FAWN,Stray,Euthanized
CAT,July,,Older than 7 years,MALE,true,SMALL,BLACK,Owner Surrender,Euthanized
CAT,July,BENGAL - MIX,Infant - Younger than 6 months,MALE,false,KITTN,BRN MERLE,Stray,Other
CAT,February,,Older than 7 years,MALE,true,LARGE,BRN TABBY,Foster Return,Home
DOG,July,CHOW CHOW - MIX,Older than 7 years,MALE,false,MED,BLACK,Owner Surrender,Euthanized
CAT,July,,,UNKNOWN,false,MED,BLACK,Stray,Euthanized
DOG,May,BEARDED COLLIE - MIX,Infant - Younger than 6 months,FEMALE,true,PUPPY,WHITE,Stray,Home
DOG,October,,Infant - Younger than 6 months,FEMALE,false,PUPPY,FAWN,Owner Surrender,Other
DOG,July,,Older than 1 year,FEMALE,true,LARGE,BROWN,Stray,Home
DOG,May,,,MALE,true,MED,BLACK,Stray,Euthanized
CAT,September,MAINE COON - DOMESTIC LH,Older than 1 year,FEMALE,true,LARGE,BRN TABBY,Owner Surrender,Home
DOG,May,,Older than 1 year,FEMALE,true,SMALL,BLACK,Owner Surrender,Home
CAT,August,,Infant - Younger than 6 months,MALE,true,KITTN,GRAY,Owner Surrender,Home
DOG,August,LABRADOR RETR - MIX,Older than 1 year,MALE,true,X-LRG,TAN,Stray,Euthanized
DOG,December,,,MALE,false,LARGE,BROWN,Stray,Euthanized
DOG,February,,Older than 1 year,MALE,true,LARGE,BL BRINDLE,Owner Surrender,Euthanized
CAT,September,,Older than 1 year,FEMALE,true,LARGE,GRAY TABBY,Stray,Home
CAT,March,,,FEMALE,false,LARGE,CALICO,Stray,Euthanized
CAT,March,,,MALE,false,MED,GRAY,Stray,Euthanized
DOG,April,LABRADOR RETR - MIX,Older than 1 year,FEMALE,true,MED,YELLOW,Stray,Home
DOG,July,PIT BULL - MIX,Youth - Younger than 1 year,FEMALE,true,PUPPY,WHITE,Owner Surrender,Home
CAT,June,,,UNKNOWN,false,KITTN,GRAY TABBY,Stray,Euthanized
CAT,July,,,UNKNOWN,false,MED,GRAY,Stray,Euthanized
DOG,June,GERM SHEPHERD - MIX,,FEMALE,false,MED,BLACK,Owner Surrender,Euthanized
CAT,April,,Infant - Younger than 6 months,MALE,true,KITTN,ORANGE,Stray,Home
DOG,May,GOLDEN RETR - MIX,Infant - Younger than 6 months,FEMALE,true,PUPPY,TAN,Owner Surrender,Home
CAT,April,,,UNKNOWN,false,KITTN,CREAM,Owner Surrender,Other
CAT,January,,Older than 1 year,FEMALE,false,MED,BLACK,Owner Surrender,Euthanized
DOG,December,,,MALE,false,SMALL,WHITE,Stray,Other
CAT,September,,Youth - Younger than 1 year,MALE,false,KITTN,ORG TABBY,Owner Surrender,Euthanized
DOG,June,BEAGLE - MIX,Older than 1 year,FEMALE,false,MED,BROWN,Owner Surrender,Other
CAT,June,,Infant - Younger than 6 months,MALE,true,KITTN,GRAY TABBY,Stray,Home
DOG,March,,Older than 7 years,FEMALE,false,TOY,SILVER,Stray,Euthanized
CAT,April,,,UNKNOWN,false,MED,BUFF,Stray,Euthanized
CAT,June,,,FEMALE,false,MED,BRN TABBY,Stray,Other
CAT,July,,Infant - Younger than 6 months,MALE,true,KITTN,BLACK,Foster Return,Home
DOG,October,,,MALE,false,MED,BROWN,Stray,Euthanized
DOG,March,WELSH TERRIER - MIX,Older than 7 years,MALE,true,MED,TAN,Stray,Home
DOG,May,LABRADOR RETR - CATAHOULA,Infant - Younger than 6 months,MALE,false,MED,RED MERLE,Stray,Other
DOG,July,IBIZAN HOUND - MIX,,FEMALE,true,PUPPY,BLUE,Owner Surrender,Other
DOG,May,ROTTWEILER - MIX,Infant - Younger than 6 months,FEMALE,true,LARGE,BLACK,Stray,Home
CAT,June,,,UNKNOWN,false,KITTN,GRAY,Stray,Euthanized
DOG,March,BOXER - GREAT DANE,Older than 1 year,MALE,true,MED,BROWN,Impound,Home
CAT,March,,,UNKNOWN,false,MED,GRAY,Stray,Euthanized
DOG,December,,Older than 1 year,MALE,true,LARGE,BLACK,Stray,Other
DOG,February,,,FEMALE,false,LARGE,BLACK,Impound,Other
DOG,December,PUG - MIX,Older than 1 year,MALE,true,MED,BROWN,Stray,Home
DOG,April,,Older than 1 year,MALE,true,LARGE,CREAM,Owner Surrender,Home
DOG,October,PIT BULL - MIX,Older than 7 years,MALE,true,LARGE,BR BRINDLE,Stray,Home
CAT,September,,,UNKNOWN,false,KITTN,BLACK,Stray,Euthanized
CAT,May,,,MALE,false,MED,WHITE,Owner Surrender,Euthanized
CAT,May,,,FEMALE,false,KITTN,BLACK,Stray,Euthanized
DOG,March,COCKER SPAN - MIX,Older than 1 year,MALE,true,MED,BROWN,Out Patient Spay or Neuter,Other
CAT,July,,Infant - Younger than 6 months,MALE,true,KITTN,BRN TIGER,Stray,Other
CAT,February,DOMESTIC SH - DOMESTIC SH,Older than 1 year,MALE,true,MED,GRAY,Owner Surrender,Other
CAT,August,,Older than 1 year,FEMALE,false,LARGE,GRAY TABBY,Owner Surrender,Euthanized
DOG,April,,Infant - Younger than 6 months,FEMALE,false,LARGE,GRAY,Stray,Other
CAT,July,,Older than 1 year,FEMALE,false,MED,BRN TABBY,Owner Surrender,Euthanized
CAT,August,,,FEMALE,false,LARGE,GRAY TABBY,Stray,Euthanized
CAT,December,,Older than 1 year,FEMALE,false,LARGE,BLK TABBY,Stray,Euthanized
DOG,April,,,MALE,false,MED,BR BRINDLE,Impound,Other
DOG,June,GERM SHEPHERD - MIX,,MALE,false,MED,BROWN,Stray,Euthanized
CAT,February,,Older than 1 year,MALE,true,MED,BLACK,Owner Surrender,Euthanized
DOG,January,,Older than 1 year,MALE,true,SMALL,BROWN,Impound,Other
CAT,April,,,MALE,false,KITTN,GRAY,Stray,Euthanized
DOG,July,,Older than 7 years,MALE,false,LARGE,BLACK,Owner Surrender,Euthanized
CAT,September,,,FEMALE,false,KITTN,GRAY TABBY,Owner Surrender,Euthanized
CAT,April,,Infant - Younger than 6 months,MALE,true,MED,ORG TABBY,Owner Surrender,Home
DOG,September,,Older than 1 year,MALE,true,LARGE,BLACK,Owner Surrender,Euthanized
DOG,September,MASTIFF - MIX,,MALE,false,PUPPY,TAN,Owner Surrender,Other
CAT,June,,Infant - Younger than 6 months,UNKNOWN,false,KITTN,BRN TABBY,Stray,Euthanized
CAT,February,,Infant - Younger than 6 months,MALE,true,KITTN,SEAL PT,Owner Surrender,Other
CAT,January,,,FEMALE,false,SMALL,WHITE,Impound,Euthanized
DOG,August,BEAGLE - MIN PINSCHER,Infant - Younger than 6 months,MALE,true,PUPPY,TAN,Foster Return,Home
DOG,April,AMERICAN STAFF - PIT BULL,Older than 7 years,FEMALE,true,MED,WHITE,Owner Surrender,Euthanized
CAT,June,,Infant - Younger than 6 months,FEMALE,false,KITTN,BLACK,Owner Surrender,Euthanized
CAT,August,,Infant - Younger than 6 months,FEMALE,false,KITTN,GRAY,Owner Surrender,Other
CAT,September,,Older than 1 year,FEMALE,true,MED,CALICO,Stray,Other
CAT,January,,Older than 1 year,MALE,false,LARGE,BLK TABBY,Owner Surrender,Euthanized
CAT,January,,Youth - Younger than 1 year,FEMALE,true,MED,LYNX PT,Owner Surrender,Home
DOG,June,GERM SHEPHERD - MIX,,FEMALE,true,MED,BLACK,Owner Surrender,Home
DOG,November,,Older than 1 year,MALE,true,LARGE,BLACK,Stray,Other
DOG,January,PIT BULL - MIX,Youth - Younger than 1 year,FEMALE,true,PUPPY,BLACK,Foster Return,Home
DOG,August,,,FEMALE,false,MED,UNKNOWN,Reported Lost by Public,Other
DOG,August,,,FEMALE,false,MED,BLACK,Stray,Euthanized
DOG,December,,Older than 1 year,FEMALE,true,SMALL,BLACK,Stray,Other
CAT,May,,Older than 1 year,FEMALE,true,MED,BLACK,Stray,Other
CAT,March,,,FEMALE,false,MED,BLACK,Stray,Euthanized
CAT,July,,Older than 1 year,FEMALE,false,MED,GRAY,Stray,Euthanized
CAT,May,,,MALE,false,KITTN,ORG TABBY,Stray,Euthanized
DOG,May,GREAT DANE - MIX,,MALE,true,LARGE,WHITE,Impound,Home
DOG,March,,Older than 7 years,MALE,true,MED,BLACK,Stray,Home
DOG,December,,Older than 1 year,FEMALE,true,MED,BR BRINDLE,Stray,Other
DOG,January,,,MALE,false,LARGE,BLACK,Stray,Other
DOG,July,,Youth - Younger than 1 year,FEMALE,false,PUPPY,BLACK,Stray,Euthanized
CAT,September,,Infant - Younger than 6 months,FEMALE,false,KITTN,GRAY,Stray,Other
DOG,July,BOXER - MIX,Older than 1 year,MALE,true,MED,BROWN,Stray,Home
DOG,April,BASSET HOUND - LABRADOR RETR,Older than 1 year,MALE,true,SMALL,BLACK,Owner Surrender,Other
DOG,May,BEAGLE - MIX,Older than 1 year,FEMALE,true,MED,WHITE,Stray,Home
DOG,May,BEAGLE - MIX,Older than 1 year,FEMALE,true,MED,BROWN,Stray,Home
CAT,August,,,UNKNOWN,false,MED,BRN TABBY,Stray,Euthanized
DOG,August,,,MALE,false,SMALL,UNKNOWN,Reported Lost by Public,Other
CAT,September,,,UNKNOWN,false,SMALL,BLACK,Stray,Euthanized
DOG,February,DALMATIAN - PIT BULL,,FEMALE,true,LARGE,WHITE,Stray,Euthanized
CAT,August,,,MALE,false,SMALL,UNKNOWN,Reported Lost by Public,Other
CAT,April,,Older than 1 year,UNKNOWN,false,MED,BLACK,Owner Surrender,Euthanized
CAT,April,,,FEMALE,false,MED,ORG TABBY,Stray,Other
CAT,April,,Older than 7 years,MALE,true,SMALL,WHITE,Owner Surrender,Euthanized
CAT,November,,,MALE,false,LARGE,BRN TABBY,Stray,Euthanized
DOG,April,PIT BULL - MIX,,MALE,false,MED,BROWN,Stray,Other
DOG,August,,,MALE,false,PUPPY,TAN,Stray,Other
CAT,February,,Youth - Younger than 1 year,MALE,false,MED,BRN TABBY,Owner Surrender,Euthanized
CAT,September,,,FEMALE,false,KITTN,TORTIE,Stray,Euthanized
CAT,August,,Older than 7 years,FEMALE,true,LARGE,BRN TIGER,Owner Surrender,Euthanized
CAT,May,,Infant - Younger than 6 months,FEMALE,true,KITTN,GRAY,Stray,Other
DOG,May,CHOW CHOW - MIX,Older than 1 year,FEMALE,true,MED,RED,Stray,Other
DOG,January,,Older than 1 year,MALE,true,PUPPY,BROWN,Stray,Home
DOG,February,BORDER COLLIE - GOLDEN RETR,Older than 1 year,FEMALE,true,MED,BUFF,Foster Return,Other
DOG,June,DACHSHUND - MIX,,MALE,false,SMALL,BLACK,Owner Surrender,Euthanized
DOG,March,,Older than 7 years,FEMALE,false,SMALL,BLACK,Stray,Other
CAT,April,,Older than 1 year,FEMALE,true,MED,TORTIE,Stray,Home
CAT,March,,,MALE,false,LARGE,WHITE,Stray,Euthanized
DOG,September,,Older than 1 year,FEMALE,true,TOY,BLACK,Impound,Other
CAT,June,,Infant - Younger than 6 months,FEMALE,false,KITTN,WHITE,Owner Surrender,Euthanized
DOG,May,,Older than 1 year,MALE,true,SMALL,WHITE,Owner Surrender,Home
DOG,August,PIT BULL - MIX,,FEMALE,false,LARGE,BROWN,Stray,Euthanized
DOG,April,AUST SHEPHERD - MIX,Older than 1 year,FEMALE,true,MED,BLACK,Out Patient Spay or Neuter,Other
CAT,September,,,UNKNOWN,false,KITTN,ORG TABBY,Owner Surrender,Other
DOG,February,RAT TERRIER - JACK RUSS TER,,FEMALE,false,SMALL,WHITE,Stray,Euthanized
DOG,January,AMER BULLDOG - CANE CORSO,Older than 1 year,MALE,true,LARGE,TAN,Disposal Request by Public,Other
CAT,December,,,FEMALE,false,MED,BLACK,Stray,Euthanized
CAT,May,,Infant - Younger than 6 months,FEMALE,false,KITTN,BLK TABBY,Stray,Other
CAT,June,,,MALE,false,KITTN,BLACK,Stray,Euthanized
CAT,April,,Infant - Younger than 6 months,FEMALE,true,KITTN,GRAY,Owner Surrender,Euthanized
CAT,July,,Infant - Younger than 6 months,MALE,true,SMALL,BLACK,Owner Surrender,Home
CAT,April,,Infant - Younger than 6 months,UNKNOWN,false,KITTN,WHITE,Stray,Other
CAT,June,,Youth - Younger than 1 year,MALE,true,MED,BLACK,Stray,Other
CAT,May,,,FEMALE,false,SMALL,BLACK,Stray,Euthanized
DOG,June,,,FEMALE,false,MED,BR BRINDLE,Owner Surrender,Euthanized
DOG,September,LABRADOR RETR - PIT BULL,,MALE,false,MED,RED,Owner Surrender,Other
DOG,June,AUST CATTLE DOG - MIX,Older than 1 year,FEMALE,true,MED,BROWN,Owner Surrender,Other
CAT,April,,,MALE,false,MED,GRAY TABBY,Stray,Euthanized
DOG,June,PIT BULL - MIX,,FEMALE,false,MED,BROWN,Stray,Euthanized
DOG,March,,Older than 7 years,FEMALE,true,LARGE,CHOCOLATE,Owner Surrender,Euthanized
CAT,November,,,MALE,true,MED,WHITE,Stray,Euthanized
CAT,March,,Infant - Younger than 6 months,FEMALE,true,KITTN,TORTIE,Stray,Other
DOG,January,PIT BULL - CANE CORSO,Older than 1 year,MALE,true,LARGE,FAWN,Stray,Other
CAT,April,,,MALE,false,LARGE,GRAY TABBY,Stray,Euthanized
CAT,July,,Infant - Younger than 6 months,FEMALE,false,KITTN,GRAY,Stray,Other
CAT,December,,Infant - Younger than 6 months,FEMALE,true,MED,BLACK,Stray,Other
DOG,June,,Older than 1 year,FEMALE,false,MED,BLACK,Owner Surrender,Euthanized
DOG,April,,,FEMALE,true,MED,BROWN,Stray,Home
DOG,February,ANATOL SHEPHERD - MIX,Infant - Younger than 6 months,MALE,true,PUPPY,YELLOW,Stray,Home
DOG,February,,Older than 7 years,MALE,false,LARGE,BLACK,Owner Surrender,Euthanized
DOG,June,,Older than 7 years,FEMALE,true,X-LRG,BLACK,Owner Surrender,Euthanized
CAT,December,,,MALE,false,X-LRG,BRN TABBY,Stray,Euthanized
DOG,December,CAIRN TERRIER - MIX,Older than 1 year,FEMALE,true,SMALL,TAN,Stray,Home
CAT,April,,Infant - Younger than 6 months,UNKNOWN,false,KITTN,GRAY TABBY,Foster Return,Other
DOG,August,PIT BULL - MIX,Older than 1 year,FEMALE,false,SMALL,WHITE,Owner Surrender,Euthanized
DOG,May,,Older than 1 year,FEMALE,true,MED,TRICOLOR,Owner Surrender,Home
CAT,May,,,MALE,true,LARGE,GRAY,Stray,Euthanized
CAT,June,,Infant - Younger than 6 months,FEMALE,false,KITTN,GRAY TABBY,Stray,Other
DOG,July,,Older than 7 years,MALE,true,LARGE,BLACK,Owner Surrender,Euthanized
DOG,May,,Older than 1 year,MALE,true,LARGE,TRICOLOR,Stray,Home
DOG,August,,Older than 1 year,MALE,true,SMALL,BLACK,Owner Surrender,Other
DOG,March,,Older than 1 year,FEMALE,true,MED,WHITE,Owner Surrender,Other
CAT,August,,Older than 1 year,FEMALE,false,MED,BLACK,Owner Surrender,Euthanized
CAT,May,,Infant - Younger than 6 months,MALE,false,KITTN,BLK TABBY,Owner Surrender,Euthanized
DOG,June,BEAGLE - MIX,Youth - Younger than 1 year,FEMALE,true,LARGE,TAN,Owner Surrender,Home
CAT,November,,Older than 1 year,MALE,true,LARGE,BUFF,Stray,Other
CAT,June,,Youth - Younger than 1 year,MALE,false,SMALL,BLACK,Owner Surrender,Euthanized
DOG,September,COCKER SPAN - PAPILLON,Older than 1 year,MALE,true,SMALL,WHITE,Stray,Home
CAT,June,,Older than 1 year,MALE,true,LARGE,BLACK,Owner Surrender,Other
CAT,June,,,MALE,false,MED,BLACK,Stray,Euthanized
CAT,February,,Older than 1 year,FEMALE,false,MED,TORTIE,Owner Surrender,Euthanized
CAT,May,,,UNKNOWN,false,MED,WHITE,Stray,Euthanized
CAT,July,,,FEMALE,false,KITTN,CALICO,Stray,Other
DOG,February,BORDER COLLIE - MIX,,MALE,false,PUPPY,WHITE,Stray,Other
DOG,May,PIT BULL - MIX,,FEMALE,false,LARGE,BROWN,Impound,Euthanized
CAT,June,,Infant - Younger than 6 months,MALE,false,KITTN,GRAY,Stray,Other
CAT,March,,,FEMALE,false,SMALL,ORG TABBY,Stray,Other
CAT,January,,,MALE,false,LARGE,ORG TABBY,Stray,Euthanized
DOG,May,,Older than 1 year,FEMALE,true,MED,BLUE,Stray,Home
DOG,January,,Older than 1 year,MALE,true,SMALL,WHITE,Out Patient Spay or Neuter,Other
DOG,February,CHOW CHOW - MIX,Older than 1 year,MALE,false,LARGE,TAN,Owner Surrender,Euthanized
CAT,June,,Infant - Younger than 6 months,FEMALE,false,KITTN,BLACK,Stray,Euthanized
DOG,March,,,FEMALE,false,MED,BR BRINDLE,Owner Surrender,Other
CAT,April,,Infant - Younger than 6 months,FEMALE,true,KITTN,CREAM,Foster Return,Home
CAT,August,,Infant - Younger than 6 months,FEMALE,false,KITTN,BLACK,Stray,Other
DOG,December,,Older than 1 year,MALE,true,SMALL,WHITE,Stray,Other
CAT,July,,Older than 1 year,FEMALE,false,LARGE,TORTIE,Stray,Euthanized
CAT,June,,Infant - Younger than 6 months,MALE,true,SMALL,BRN TABBY,Foster Return,Home
DOG,January,,Older than 7 years,MALE,true,LARGE,SILVER,Stray,Home
CAT,June,,Older than 1 year,MALE,true,LARGE,BLACK,Stray,Home
DOG,January,,,MALE,false,LARGE,RED,Stray,Euthanized
CAT,August,,,FEMALE,false,MED,BLACK,Stray,Euthanized
DOG,June,,Infant - Younger than 6 months,MALE,true,PUPPY,TRICOLOR,Stray,Home
CAT,September,,Older than 1 year,MALE,false,MED,BUFF,Stray,Euthanized
DOG,December,BEAGLE - BORDER COLLIE,Youth - Younger than 1 year,FEMALE,true,PUPPY,TAN,Owner Surrender,Euthanized
CAT,June,,Infant - Younger than 6 months,UNKNOWN,false,KITTN,GRAY TABBY,Owner Surrender,Euthanized
DOG,March,BOXER - MIX,Youth - Younger than 1 year,MALE,true,MED,TAN,Stray,Home
DOG,January,,,FEMALE,false,MED,BROWN,Stray,Euthanized
CAT,January,,,FEMALE,false,KITTN,WHITE,Stray,Euthanized
DOG,May,,Older than 1 year,FEMALE,true,LARGE,CHOCOLATE,Stray,Home
CAT,July,,Infant - Younger than 6 months,FEMALE,true,KITTN,GRAY TABBY,Owner Surrender,Home
DOG,March,,Older than 1 year,MALE,true,MED,BLACK,Stray,Other
CAT,August,,,UNKNOWN,false,MED,BLACK,Stray,Euthanized
CAT,August,,Infant - Younger than 6 months,FEMALE,false,KITTN,BLK TABBY,Owner Surrender,Other
CAT,March,,,FEMALE,false,MED,GRAY TABBY,Stray,Other
DOG,August,PRESA CANARIO - CANE CORSO,Older than 1 year,MALE,true,LARGE,TAN,Stray,Other
DOG,March,LABRADOR RETR - DOBERMAN PINSCH,Older than 1 year,FEMALE,true,MED,BLACK,Stray,Home
DOG,December,POINTER - MIX,Infant - Younger than 6 months,FEMALE,true,PUPPY,WHITE,Stray,Other
DOG,May,,Older than 1 year,MALE,true,MED,BROWN,Stray,Home
DOG,May,IRISH TERRIER - MIX,Infant - Younger than 6 months,MALE,true,PUPPY,RED,Stray,Home
CAT,February,,Infant - Younger than 6 months,FEMALE,true,KITTN,BLACK,Owner Surrender,Other
DOG,June,,Older than 1 year,MALE,true,MED,RED MERLE,Owner Surrender,Other
CAT,November,,,MALE,false,LARGE,TAN,Stray,Euthanized
CAT,January,,Older than 1 year,MALE,true,MED,BLACK,Owner Surrender,Home
CAT,May,SIAMESE - MIX,,FEMALE,false,KITTN,LYNX PT,Owner Surrender,Other
CAT,September,MAINE COON - MIX,Older than 1 year,FEMALE,false,LARGE,BRN TABBY,Owner Surrender,Euthanized
DOG,May,GERM SHEPHERD - MIX,Older than 1 year,FEMALE,true,LARGE,BLACK,Owner Surrender,Euthanized
DOG,December,LABRADOR RETR - MIX,Infant - Younger than 6 months,FEMALE,true,PUPPY,BLACK,Stray,Home
DOG,April,LABRADOR RETR - MIX,Older than 7 years,MALE,true,LARGE,BLACK,Stray,Home
CAT,August,,,UNKNOWN,false,LARGE,BLACK,Owner Surrender,Other
DOG,September,,Older than 1 year,MALE,true,LARGE,FAWN,Owner Surrender,Euthanized
DOG,February,PUG - MIX,,MALE,true,SMALL,BLACK,Impound,Home
DOG,July,BEAGLE - MIX,Older than 7 years,MALE,false,MED,TRICOLOR,Owner Surrender,Euthanized
CAT,September,,Infant - Younger than 6 months,MALE,true,KITTN,GRAY,Stray,Other
DOG,July,,,MALE,true,MED,TRICOLOR,Stray,Other
CAT,March,,,FEMALE,false,LARGE,GRAY,Stray,Other
CAT,May,,Older than 1 year,MALE,true,X-LRG,ORANGE,Owner Surrender,Euthanized
DOG,June,,,MALE,true,TOY,GRAY,Stray,Euthanized
CAT,October,,,FEMALE,false,MED,WHITE,Stray,Euthanized
CAT,March,,,FEMALE,false,MED,CALICO,Stray,Euthanized
CAT,September,,Older than 1 year,FEMALE,false,MED,BLACK,Stray,Other
DOG,July,,Infant - Younger than 6 months,FEMALE,false,PUPPY,BROWN,Impound,Other
CAT,September,,,FEMALE,false,MED,CALICO,Stray,Euthanized
CAT,December,,,FEMALE,false,KITTN,BLACK,Stray,Euthanized
CAT,November,,,FEMALE,false,MED,BLK TABBY,Owner Surrender,Euthanized
DOG,August,,Older than 1 year,MALE,true,SMALL,TRICOLOR,Stray,Home
DOG,July,,Older than 1 year,FEMALE,true,MED,BROWN,Owner Surrender,Other
DOG,June,ALASK MALAMUTE - MIX,,MALE,true,LARGE,WHITE,Stray,Home
DOG,June,,,FEMALE,true,LARGE,GRAY,Stray,Home
CAT,October,,Infant - Younger than 6 months,FEMALE,true,KITTN,BLACK,Owner Surrender,Other
CAT,April,,,UNKNOWN,false,KITTN,BLACK,Owner Surrender,Other
DOG,February,SHIH TZU - MIX,Older than 1 year,FEMALE,true,SMALL,WHITE,Stray,Home
DOG,March,,Older than 7 years,MALE,true,LARGE,BLACK,Owner Surrender,Other
DOG,January,BEAGLE - MIX,,MALE,true,MED,BLACK,Stray,Home
CAT,June,,Infant - Younger than 6 months,UNKNOWN,false,KITTN,WHITE,Stray,Euthanized
CAT,May,,,UNKNOWN,false,KITTN,BLACK,Stray,Euthanized
DOG,May,,,FEMALE,true,SMALL,WHITE,Owner Surrender,Other
DOG,November,,Youth - Younger than 1 year,FEMALE,true,SMALL,TAN,Stray,Other
DOG,October,POODLE TOY - PURE BRED,Older than 7 years,MALE,true,MED,APRICOT,Owner Surrender,Euthanized
DOG,May,CHOW CHOW - GERM SHEPHERD,Older than 7 years,MALE,true,LARGE,BLACK,Owner Surrender,Other
DOG,September,,,MALE,false,X-LRG,BROWN,Owner Surrender,Euthanized
DOG,May,CHIHUAHUA SH - MIX,Older than 1 year,MALE,true,MED,CREAM,Stray,Home
CAT,June,,Infant - Younger than 6 months,FEMALE,true,KITTN,CALICO,Foster Return,Home
CAT,October,,,UNKNOWN,false,MED,BROWN,Stray,Other
CAT,April,,,MALE,false,MED,BLACK,Stray,Euthanized
CAT,June,,Older than 1 year,UNKNOWN,false,LARGE,TRICOLOR,Stray,Euthanized
DOG,December,,Older than 1 year,FEMALE,false,LARGE,WHITE,Impound,Euthanized
CAT,August,,Youth - Younger than 1 year,FEMALE,false,MED,ORANGE,Stray,Euthanized
DOG,March,BOXER - MIX,,MALE,false,PUPPY,BROWN,Stray,Other
DOG,May,,Older than 7 years,MALE,true,LARGE,BLACK,Owner Surrender,Euthanized
DOG,May,,,MALE,true,LARGE,BROWN,Stray,Home
CAT,March,,Older than 1 year,FEMALE,false,SMALL,BRN TABBY,Stray,Other
DOG,January,,Older than 7 years,FEMALE,true,MED,BROWN,Owner Surrender,Euthanized
DOG,July,,Older than 1 year,MALE,true,SMALL,WHITE,Stray,Home
DOG,June,,Older than 1 year,MALE,true,X-LRG,RED,Owner Surrender,Other
DOG,June,BEAGLE - ROTTWEILER,Youth - Younger than 1 year,FEMALE,true,MED,BLACK,Owner Surrender,Home
CAT,July,,Older than 7 years,FEMALE,true,LARGE,CALICO,Owner Surrender,Euthanized
CAT,May,,Infant - Younger than 6 months,FEMALE,true,KITTN,BLACK,Owner Surrender,Home
DOG,April,LABRADOR RETR - BASSET HOUND,Infant - Younger than 6 months,FEMALE,true,PUPPY,TAN,Owner Surrender,Home
DOG,March,,Older than 1 year,FEMALE,true,SMALL,RED,Owner Surrender,Home
DOG,July,PIT BULL - JACK RUSS TER,Older than 1 year,MALE,true,MED,BROWN,Impound,Home
CAT,May,,,UNKNOWN,false,LARGE,ORANGE,Stray,Euthanized
CAT,January,,,UNKNOWN,false,KITTN,GRAY,Impound,Euthanized
DOG,July,PLOTT HOUND - MIX,Older than 1 year,FEMALE,true,PUPPY,BR BRINDLE,Stray,Home
DOG,June,,,FEMALE,true,MED,TAN,Stray,Home
CAT,October,,Infant - Younger than 6 months,FEMALE,false,KITTN,GRAY,Stray,Euthanized
DOG,May,LABRADOR RETR - MIX,Youth - Younger than 1 year,FEMALE,true,SMALL,BLACK,Stray,Home
DOG,February,,Older than 7 years,FEMALE,true,MED,WHITE,Stray,Other
CAT,February,,Infant - Younger than 6 months,MALE,true,KITTN,GRAY TABBY,Foster Return,Home
CAT,September,,Infant - Younger than 6 months,UNKNOWN,false,KITTN,BRN TABBY,Owner Surrender,Euthanized
CAT,April,,Youth - Younger than 1 year,FEMALE,false,SMALL,GRAY,Owner Surrender,Euthanized
CAT,September,,,MALE,false,KITTN,BLK TABBY,Stray,Euthanized
DOG,May,,Older than 1 year,MALE,true,SMALL,BLACK,Owner Surrender,Home
CAT,June,,,FEMALE,false,KITTN,BLK TABBY,Stray,Euthanized
DOG,January,PIT BULL - MASTIFF,,MALE,false,LARGE,TAN,Stray,Euthanized
CAT,November,,,FEMALE,true,LARGE,ORG TABBY,Owner Surrender,Euthanized
CAT,September,,,UNKNOWN,false,KITTN,ORG TABBY,Stray,Other
CAT,September,,Infant - Younger than 6 months,FEMALE,true,MED,TORTIE,Foster Return,Home
CAT,February,,Infant - Younger than 6 months,FEMALE,false,KITTN,TORTIE,Stray,Other
CAT,December,,Infant - Younger than 6 months,FEMALE,false,KITTN,BLACK,Stray,Euthanized
CAT,July,,Infant - Younger than 6 months,FEMALE,false,KITTN,BRN TIGER,Stray,Euthanized
DOG,May,,Older than 1 year,FEMALE,true,MED,YELLOW,Stray,Home
DOG,April,ROTTWEILER - GERM SHEPHERD,Older than 7 years,MALE,true,X-LRG,BLACK,Stray,Euthanized
CAT,May,,,MALE,false,LARGE,GRAY,Owner Surrender,Euthanized
CAT,January,,,UNKNOWN,false,KITTN,GRAY,Stray,Other
DOG,June,,Older than 1 year,FEMALE,true,MED,BUFF,Owner Surrender,Home
DOG,March,LABRADOR RETR - GERM SHEPHERD,Infant - Younger than 6 months,FEMALE,true,PUPPY,TAN,Owner Surrender,Home
CAT,August,,,MALE,false,KITTN,GRAY TABBY,Owner Surrender,Euthanized
CAT,May,,Infant - Younger than 6 months,UNKNOWN,false,KITTN,BLK TABBY,Stray,Euthanized
CAT,January,,Older than 1 year,MALE,false,MED,GRAY,Stray,Euthanized
CAT,July,,Infant - Younger than 6 months,FEMALE,true,KITTN,ORG TABBY,Stray,Home
DOG,September,REDBONE HOUND - MIX,Older than 1 year,MALE,true,LARGE,RED,Stray,Home
DOG,November,,Older than 1 year,FEMALE,true,MED,BR BRINDLE,Stray,Home
DOG,June,,Youth - Younger than 1 year,FEMALE,true,PUPPY,TAN,Owner Surrender,Home
CAT,September,,,MALE,false,KITTN,ORG TABBY,Stray,Euthanized
CAT,June,,Infant - Younger than 6 months,UNKNOWN,false,KITTN,GRAY TABBY,Owner Surrender,Euthanized
DOG,July,LABRADOR RETR - MIX,Older than 1 year,MALE,true,MED,BLACK,Owner Surrender,Other
CAT,March,,,FEMALE,false,MED,WHITE,Stray,Euthanized
DOG,March,DACHSHUND WH - CHIHUAHUA SH,,FEMALE,false,SMALL,BLACK,Stray,Home
DOG,February,,Youth - Younger than 1 year,FEMALE,false,PUPPY,BLACK,Stray,Euthanized
CAT,April,,Infant - Younger than 6 months,UNKNOWN,false,KITTN,BRN TABBY,Stray,Euthanized
DOG,September,LABRADOR RETR - MIX,Older than 7 years,FEMALE,true,MED,BLACK,Owner Surrender,Euthanized
CAT,December,,Older than 1 year,FEMALE,false,MED,BRN TABBY,Owner Surrender,Euthanized
DOG,March,,Older than 1 year,MALE,true,LARGE,BLACK,Owner Surrender,Other
CAT,May,,,UNKNOWN,false,KITTN,BLACK,Stray,Euthanized
DOG,September,,,FEMALE,true,LARGE,BROWN,Stray,Other
DOG,May,,Youth - Younger than 1 year,MALE,true,LARGE,RED,Stray,Other
CAT,May,,,FEMALE,false,MED,CALICO,Stray,Other
DOG,June,,Older than 7 years,MALE,false,MED,TRICOLOR,Owner Surrender,Euthanized
DOG,March,SHIH TZU - MIX,,MALE,true,SMALL,TAN,Stray,Other
CAT,June,,,FEMALE,false,MED,BLACK,Stray,Other
CAT,May,,,UNKNOWN,false,KITTN,ORG TABBY,Foster Return,Euthanized
DOG,September,,Older than 1 year,FEMALE,false,MED,TRICOLOR,Stray,Other
DOG,July,,Older than 1 year,MALE,true,MED,FAWN,Stray,Other
CAT,March,,Older than 1 year,MALE,false,MED,BLACK,Stray,Euthanized
DOG,May,PIT BULL - BEAGLE,Infant - Younger than 6 months,UNKNOWN,false,PUPPY,BR BRINDLE,Owner Surrender,Other
CAT,June,,,FEMALE,false,LARGE,BRN TABBY,Stray,Other
DOG,May,,Older than 7 years,MALE,true,LARGE,BLACK,Stray,Home
CAT,February,,,FEMALE,false,MED,BLACK,Stray,Euthanized
CAT,August,,,FEMALE,false,KITTN,CALICO,Stray,Euthanized
CAT,August,,Older than 1 year,FEMALE,false,MED,BRN TABBY,Stray,Other
CAT,November,,,FEMALE,false,MED,BLACK,Owner Surrender,Other
DOG,July,MALTESE - MIX,Older than 7 years,FEMALE,false,MED,WHITE,Owner Surrender,Other
CAT,May,,Infant - Younger than 6 months,UNKNOWN,false,KITTN,BLK TABBY,Stray,Euthanized
DOG,May,,Infant - Younger than 6 months,FEMALE,true,PUPPY,BLACK,Owner Surrender,Home
CAT,September,,Infant - Younger than 6 months,FEMALE,false,KITTN,BLACK,Stray,Euthanized
DOG,August,LHASA APSO - MIX,Older than 1 year,FEMALE,true,SMALL,WHITE,Stray,Home
DOG,August,LABRADOR RETR - MIX,,FEMALE,false,MED,BLACK,Stray,Euthanized
CAT,May,,Infant - Younger than 6 months,UNKNOWN,false,MED,GRAY,Stray,Euthanized
CAT,May,,,UNKNOWN,false,KITTN,TORTIE,Stray,Other
DOG,March,PIT BULL - MIX,Older than 1 year,MALE,false,LARGE,BLACK,Stray,Euthanized
DOG,July,,Older than 1 year,MALE,true,SMALL,WHITE,Stray,Other
CAT,August,,,FEMALE,false,KITTN,BLACK,Stray,Euthanized
DOG,December,,Older than 1 year,FEMALE,false,LARGE,WHITE,Impound,Euthanized
CAT,June,,Older than 1 year,MALE,true,LARGE,ORG TABBY,Owner Surrender,Home
DOG,February,BOXER - PIT BULL,,MALE,false,LARGE,BROWN,Stray,Euthanized
CAT,January,,Infant - Younger than 6 months,MALE,true,KITTN,WHITE,Owner Surrender,Home
CAT,November,,,UNKNOWN,false,MED,BRN TABBY,Stray,Euthanized
DOG,March,,,MALE,true,SMALL,WHITE,Stray,Home
CAT,March,,,MALE,false,SMALL,GRAY TABBY,Stray,Euthanized
CAT,May,,,FEMALE,false,MED,BLUE,Stray,Other
CAT,March,,,MALE,false,LARGE,WHITE,Owner Surrender,Euthanized
CAT,July,,Older than 1 year,FEMALE,true,SMALL,BLK TABBY,Stray,Other
DOG,February,PIT BULL - MIX,Older than 1 year,FEMALE,false,MED,BR BRINDLE,Owner Surrender,Euthanized
CAT,February,,Youth - Younger than 1 year,FEMALE,true,KITTN,BLACK,Owner Surrender,Home
CAT,March,,Older than 1 year,MALE,false,MED,ORG TABBY,Owner Surrender,Euthanized
CAT,January,,Youth - Younger than 1 year,FEMALE,true,KITTN,BLACK,Foster Return,Home
CAT,April,,Infant - Younger than 6 months,FEMALE,true,KITTN,BRN TABBY,Stray,Other
DOG,November,,Older than 1 year,MALE,true,SMALL,BLACK,Stray,Home
DOG,January,,Infant - Younger than 6 months,MALE,true,PUPPY,BLACK,Stray,Other
DOG,November,LABRADOR RETR - MIX,Older than 1 year,FEMALE,true,MED,BLACK,Owner Surrender,Other
CAT,April,,,MALE,false,MED,ORG TABBY,Owner Surrender,Euthanized
CAT,November,,,MALE,true,LARGE,BLACK,Stray,Other
CAT,June,,Infant - Younger than 6 months,MALE,true,KITTN,BLACK,Owner Surrender,Home
DOG,June,,Older than 7 years,MALE,false,MED,WHITE,Stray,Home
CAT,April,,,FEMALE,false,MED,GRAY TABBY,Stray,Other
DOG,March,,Youth - Younger than 1 year,FEMALE,true,SMALL,TAN,Owner Surrender,Other
DOG,May,DACHSHUND LH - MIX,Older than 7 years,MALE,true,SMALL,BROWN,Owner Surrender,Euthanized
DOG,May,COCKER SPAN - MIX,Older than 7 years,FEMALE,true,MED,BLACK,Owner Surrender,Euthanized
CAT,April,,,UNKNOWN,false,KITTN,BRN TABBY,Stray,Euthanized
DOG,January,BOXER - CHINESE SHARPEI,Infant - Younger than 6 months,FEMALE,true,PUPPY,FAWN,Stray,Home
CAT,December,,,MALE,false,MED,ORG TABBY,Stray,Euthanized
DOG,May,,,FEMALE,false,LARGE,WHITE,Impound,Other
DOG,April,,Older than 1 year,FEMALE,true,PUPPY,WHITE,Stray,Home
DOG,August,,,FEMALE,false,MED,UNKNOWN,Reported Lost by Public,Other
CAT,December,,Older than 1 year,FEMALE,true,SMALL,BLACK,Stray,Home
DOG,July,,,MALE,true,MED,CHOCOLATE,Stray,Euthanized
CAT,February,,,MALE,false,LARGE,BLK TABBY,Stray,Euthanized
CAT,July,,,FEMALE,false,,UNKNOWN,Reported Lost by Public,Other
DOG,August,,,MALE,false,PUPPY,CHOCOLATE,Stray,Home
DOG,December,LABRADOR RETR - MIX,Youth - Younger than 1 year,FEMALE,true,PUPPY,CHOCOLATE,Owner Surrender,Other
DOG,June,,Older than 1 year,MALE,true,SMALL,WHITE,Owner Surrender,Home
DOG,August,,Older than 1 year,MALE,true,MED,TAN,Stray,Home
DOG,February,,,MALE,false,X-LRG,BLACK,Owner Surrender,Euthanized
CAT,July,,Infant - Younger than 6 months,FEMALE,true,KITTN,BLACK,Stray,Home
DOG,March,LABRADOR RETR - CATAHOULA,Youth - Younger than 1 year,MALE,true,PUPPY,BR BRINDLE,Owner Surrender,Euthanized
DOG,August,,Older than 1 year,FEMALE,false,TOY,BR BRINDLE,Stray,Other
CAT,January,,,UNKNOWN,false,LARGE,GRAY TABBY,Stray,Other
DOG,July,,Older than 7 years,MALE,false,LARGE,RED,Owner Surrender,Other
CAT,August,,Infant - Younger than 6 months,MALE,false,KITTN,BLACK,Stray,Euthanized
CAT,June,,Older than 1 year,MALE,true,LARGE,GRAY,Owner Surrender,Home
DOG,January,,,MALE,false,MED,BLACK,Stray,Euthanized
DOG,August,SCOT TERRIER - LABRADOR RETR,Infant - Younger than 6 months,MALE,true,PUPPY,BLACK,Foster Return,Home
CAT,May,,,MALE,false,LARGE,GRAY,Stray,Euthanized
DOG,August,,Older than 1 year,FEMALE,true,SMALL,WHITE,Stray,Home
CAT,March,,Infant - Younger than 6 months,FEMALE,true,KITTN,BRN TABBY,Owner Surrender,Other
DOG,September,ROTTWEILER - MIX,Older than 7 years,MALE,false,LARGE,BLACK,Owner Surrender,Euthanized
CAT,June,,Older than 1 year,FEMALE,false,MED,BRN TABBY,Stray,Euthanized
DOG,January,PAPILLON - SHIH TZU,Youth - Younger than 1 year,FEMALE,true,SMALL,WHITE,Stray,Home
CAT,January,,Older than 1 year,FEMALE,true,MED,GRAY,Stray,Other
DOG,May,SCHNAUZER GIANT - POODLE STND,Youth - Younger than 1 year,FEMALE,false,LARGE,BLACK,Stray,Other
CAT,March,,,FEMALE,false,LARGE,SLVR TIGER,Stray,Other
DOG,October,,Older than 1 year,FEMALE,true,TOY,APRICOT,Stray,Home
DOG,May,GERM SHEPHERD - MIX,Older than 7 years,MALE,true,X-LRG,BROWN,Owner Surrender,Euthanized
DOG,September,,,MALE,true,MED,WHITE,Stray,Other
CAT,August,,Infant - Younger than 6 months,UNKNOWN,false,SMALL,ORG TABBY,Stray,Euthanized
DOG,July,,,FEMALE,false,SMALL,WHITE,Owner Surrender,Euthanized
DOG,February,AUST SHEPHERD - MIX,Youth - Younger than 1 year,MALE,true,MED,WHITE,Stray,Home
DOG,June,,Older than 1 year,MALE,true,LARGE,BLACK,Owner Surrender,Home
DOG,August,,Older than 1 year,FEMALE,true,LARGE,BLACK,Owner Surrender,Other
DOG,September,GERM SHEPHERD - CHOW CHOW,,MALE,false,LARGE,BLACK,Stray,Euthanized
DOG,April,,Older than 7 years,MALE,true,X-LRG,FAWN,Owner Surrender,Other
CAT,June,,Infant - Younger than 6 months,MALE,true,KITTN,BLACK,Stray,Home
CAT,May,,,UNKNOWN,false,KITTN,BRN TABBY,Stray,Euthanized
CAT,January,,Youth - Younger than 1 year,MALE,true,MED,BRN TABBY,Owner Surrender,Home
DOG,February,CHIHUAHUA LH - YORKSHIRE TERR,Youth - Younger than 1 year,FEMALE,true,SMALL,TAN,Owner Surrender,Home
DOG,May,,Older than 1 year,MALE,false,LARGE,CHOCOLATE,Stray,Home
DOG,August,,,FEMALE,false,SMALL,UNKNOWN,Reported Lost by Public,Other
CAT,May,,Infant - Younger than 6 months,MALE,false,KITTN,BLACK,Stray,Euthanized
DOG,July,,Older than 1 year,MALE,false,MED,BLACK,Stray,Home
CAT,January,,Infant - Younger than 6 months,MALE,true,KITTN,BLACK,Stray,Home
DOG,April,GERM SHEPHERD - MIX,Youth - Younger than 1 year,FEMALE,false,MED,TAN,Owner Surrender,Other
DOG,March,JACK RUSS TER - MIX,,MALE,true,SMALL,WHITE,Stray,Other
DOG,January,,Older than 1 year,FEMALE,true,TOY,TAN,Out Patient Spay or Neuter,Other
CAT,August,,Infant - Younger than 6 months,FEMALE,false,KITTN,GRAY TABBY,Owner Surrender,Euthanized
CAT,June,MAINE COON - MIX,Older than 1 year,FEMALE,true,LARGE,BRN TABBY,Stray,Home
CAT,April,,,FEMALE,false,MED,GRAY TABBY,Owner Surrender,Euthanized
CAT,July,,,FEMALE,true,MED,GRAY,Stray,Other
DOG,March,ROTTWEILER - GERM SHEPHERD,Infant - Younger than 6 months,FEMALE,true,PUPPY,BLACK,Stray,Home
DOG,June,TR WALKER HOUND - MIX,Youth - Younger than 1 year,FEMALE,true,MED,WHITE,Stray,Home
CAT,August,,Infant - Younger than 6 months,FEMALE,true,KITTN,BLACK,Stray,Other
CAT,July,,Infant - Younger than 6 months,FEMALE,false,KITTN,WHITE,Stray,Other
DOG,May,,,MALE,false,LARGE,BROWN,Stray,Other
CAT,July,,,FEMALE,false,MED,TORTIE,Stray,Euthanized
CAT,July,,,FEMALE,false,KITTN,ORANGE,Stray,Euthanized
DOG,June,,Older than 7 years,MALE,true,MED,WHITE,Owner Surrender,Other
DOG,March,,Older than 7 years,FEMALE,false,X-LRG,BLACK,Owner Surrender,Euthanized
CAT,July,,,MALE,true,LARGE,ORG TABBY,Stray,Euthanized
DOG,May,LABRADOR RETR - MIX,Youth - Younger than 1 year,FEMALE,true,MED,BLACK,Stray,Home
DOG,August,GERM SHEPHERD - PIT BULL,Older than 1 year,FEMALE,false,MED,BR BRINDLE,Stray,Euthanized
DOG,June,LABRADOR RETR - MIX,Older than 1 year,MALE,true,MED,BLACK,Stray,Other
DOG,June,BEAGLE - MIX,Youth - Younger than 1 year,FEMALE,false,MED,BROWN,Stray,Home
CAT,January,,Youth - Younger than 1 year,FEMALE,true,KITTN,GRAY,Owner Surrender,Home
CAT,August,,,FEMALE,false,MED,BLACK,Stray,Euthanized
DOG,October,,Infant - Younger than 6 months,MALE,false,PUPPY,GRAY,Stray,Euthanized
CAT,January,DOMESTIC SH - DOMESTIC SH,,UNKNOWN,false,MED,WHITE,Stray,Other
DOG,February,,,MALE,false,MED,BROWN,Impound,Euthanized
DOG,April,,Older than 1 year,FEMALE,true,MED,FAWN,Stray,Home
DOG,April,,,FEMALE,false,PUPPY,WHITE,Stray,Home
CAT,March,,Youth - Younger than 1 year,MALE,true,LARGE,GRAY,Owner Surrender,Other
DOG,June,,Older than 1 year,MALE,true,LARGE,BLACK,Stray,Home
CAT,June,,,MALE,true,MED,ORANGE,Stray,Euthanized
CAT,March,,,UNKNOWN,false,KITTN,GRAY,Stray,Other
DOG,November,,,MALE,false,PUPPY,BLUE,Stray,Euthanized
CAT,August,,Infant - Younger than 6 months,MALE,true,KITTN,BRN TABBY,Owner Surrender,Home
CAT,October,,Older than 7 years,FEMALE,true,LARGE,CREAM,Owner Surrender,Euthanized
CAT,June,,,UNKNOWN,false,MED,ORG TABBY,Stray,Euthanized
CAT,April,DOMESTIC SH - DOMESTIC SH,,UNKNOWN,false,KITTN,BLACK,Owner Surrender,Euthanized
DOG,April,LABRADOR RETR - MIX,,FEMALE,false,LARGE,BLACK,Stray,Home
DOG,April,,Older than 1 year,MALE,true,SMALL,CREAM,Stray,Home
DOG,March,LABRADOR RETR - WEIMARANER,Infant - Younger than 6 months,UNKNOWN,false,PUPPY,BLACK,Owner Surrender,Other
DOG,March,LHASA APSO - MIX,Older than 1 year,MALE,true,SMALL,BUFF,Stray,Home
CAT,September,,,FEMALE,false,KITTN,GRAY TIGER,Owner Surrender,Other
CAT,July,,Infant - Younger than 6 months,FEMALE,true,KITTN,ORG TABBY,Stray,Other
DOG,May,PIT BULL - MIX,,MALE,true,LARGE,TAN,Owner Surrender,Euthanized
DOG,August,,,FEMALE,false,LARGE,UNKNOWN,Reported Lost by Public,Other
CAT,September,,Youth - Younger than 1 year,FEMALE,false,MED,BLACK,Stray,Euthanized
CAT,October,,Infant - Younger than 6 months,MALE,true,KITTN,ORANGE,Stray,Other
DOG,April,,Infant - Younger than 6 months,MALE,false,MED,BLACK,Owner Surrender,Euthanized
DOG,March,,Older than 7 years,MALE,false,LARGE,WHITE,Impound,Home
DOG,November,,Older than 7 years,MALE,true,SMALL,GRAY,Owner Surrender,Home
CAT,November,,,MALE,false,KITTN,ORG TABBY,Stray,Other
CAT,July,,Older than 1 year,UNKNOWN,false,LARGE,WHITE,Stray,Other
DOG,February,,Older than 1 year,MALE,true,SMALL,TAN,Stray,Home
DOG,April,BULLMASTIFF - MIX,Youth - Younger than 1 year,FEMALE,true,MED,BLACK,Stray,Other
CAT,August,,Youth - Younger than 1 year,MALE,true,LARGE,ORANGE,Owner Surrender,Home
DOG,January,,Youth - Younger than 1 year,MALE,true,MED,BROWN,Stray,Home
DOG,August,,Youth - Younger than 1 year,MALE,true,SMALL,BROWN,Owner Surrender,Home
CAT,August,,Older than 1 year,FEMALE,false,SMALL,BLACK,Stray,Other
CAT,September,,,UNKNOWN,false,KITTN,GRAY,Stray,Euthanized
CAT,August,,,UNKNOWN,false,KITTN,ORG TABBY,Stray,Euthanized
DOG,June,,,MALE,false,LARGE,BROWN,Stray,Other
CAT,July,,Older than 1 year,FEMALE,false,MED,SEAL PT,Stray,Euthanized
DOG,March,LABRADOR RETR - MIX,Older than 7 years,MALE,false,LARGE,BROWN,Owner Surrender,Euthanized
DOG,January,POODLE MIN - COCKER SPAN,Older than 7 years,FEMALE,false,SMALL,WHITE,Stray,Euthanized
DOG,March,PIT BULL - MIX,Youth - Younger than 1 year,MALE,true,LARGE,BLACK,Owner Surrender,Other
CAT,February,,Older than 1 year,FEMALE,true,LARGE,CALICO,Stray,Home
CAT,January,,,UNKNOWN,false,MED,BLACK,Stray,Euthanized
CAT,September,,Older than 1 year,MALE,false,MED,GRAY,Stray,Other
DOG,October,BEAGLE - MIN PINSCHER,Infant - Younger than 6 months,MALE,true,PUPPY,TAN,Owner Surrender,Home
DOG,March,RAT TERRIER - MIX,Older than 1 year,MALE,true,SMALL,TRICOLOR,Owner Surrender,Home
DOG,March,,Older than 1 year,MALE,true,SMALL,WHITE,Stray,Home
CAT,July,,,FEMALE,false,LARGE,GRAY,Stray,Euthanized
CAT,July,,,FEMALE,false,MED,BRN TABBY,Stray,Euthanized
DOG,June,,Infant - Younger than 6 months,MALE,true,MED,BLACK,Owner Surrender,Home
DOG,May,,Older than 7 years,MALE,false,X-LRG,BLACK,Owner Surrender,Euthanized
DOG,May,,,FEMALE,true,SMALL,CHOCOLATE,Impound,Home
DOG,July,,Infant - Younger than 6 months,FEMALE,false,PUPPY,BLACK,Owner Surrender,Other
DOG,June,,Youth - Younger than 1 year,FEMALE,false,SMALL,BROWN,Owner Surrender,Other
CAT,August,,,FEMALE,false,MED,BRN TABBY,Stray,Euthanized
DOG,April,GERM SHEPHERD - MIX,Older than 1 year,FEMALE,true,MED,BLACK,Stray,Home
DOG,February,PIT BULL - LABRADOR RETR,Infant - Younger than 6 months,FEMALE,false,PUPPY,BROWN,Stray,Other
CAT,April,,Older than 1 year,MALE,false,MED,BLACK,Stray,Euthanized
CAT,April,,,UNKNOWN,false,KITTN,BLACK,Stray,Other
CAT,September,,Older than 1 year,FEMALE,false,SMALL,CRM TABBY,Owner Surrender,Euthanized
CAT,March,,,UNKNOWN,false,LARGE,BLACK,Stray,Other
CAT,May,,Older than 1 year,FEMALE,false,SMALL,BLK SMOKE,Owner Surrender,Euthanized
CAT,February,,Youth - Younger than 1 year,FEMALE,false,SMALL,CALICO,Stray,Euthanized
DOG,August,ST BERNARD RGH - PURE BRED,Older than 7 years,FEMALE,false,MED,BROWN,Owner Surrender,Euthanized
CAT,June,,,MALE,false,KITTN,BLACK,Stray,Euthanized
DOG,June,BEAGLE - BASSET HOUND,,MALE,false,SMALL,BLACK,Stray,Euthanized
DOG,December,POODLE MIN - MIX,Older than 7 years,MALE,false,SMALL,BLACK,Stray,Other
CAT,May,,,FEMALE,false,KITTN,SEAL PT,Stray,Other
DOG,May,,Older than 1 year,FEMALE,false,MED,BLACK,Owner Surrender,Euthanized
DOG,March,,Infant - Younger than 6 months,FEMALE,false,PUPPY,YELLOW,Stray,Home
CAT,April,,Youth - Younger than 1 year,FEMALE,true,SMALL,BLK TABBY,Stray,Home
DOG,July,,Older than 1 year,MALE,false,LARGE,BLACK,Owner Surrender,Euthanized
CAT,April,,,MALE,false,MED,GRAY,Stray,Euthanized
DOG,October,,,FEMALE,false,MED,TAN,Stray,Other
DOG,July,GERM SHEPHERD - MIX,,FEMALE,false,LARGE,BROWN,Stray,Other
DOG,July,,Older than 7 years,MALE,false,LARGE,BROWN,Owner Surrender,Euthanized
CAT,March,,,UNKNOWN,false,KITTN,BLACK,Stray,Other
CAT,August,,,FEMALE,false,KITTN,BRN TABBY,Owner Surrender,Euthanized
DOG,July,CHOW CHOW - MIX,Older than 7 years,FEMALE,true,MED,TAN,Owner Surrender,Euthanized
CAT,September,,,FEMALE,false,MED,ORANGE,Stray,Euthanized
DOG,August,,Older than 1 year,MALE,true,SMALL,CREAM,Stray,Other
DOG,February,BORDER COLLIE - FLAT COAT RETR,Infant - Younger than 6 months,FEMALE,false,PUPPY,BLACK,Owner Surrender,Other
DOG,May,,Older than 1 year,FEMALE,true,SMALL,GRAY,Out Patient Spay or Neuter,Other
CAT,May,,,UNKNOWN,false,LARGE,BLACK,Stray,Euthanized
CAT,June,,,FEMALE,false,MED,SEAL PT,Stray,Other
DOG,July,CHOW CHOW - MIX,Older than 7 years,FEMALE,false,LARGE,RED,Owner Surrender,Euthanized
DOG,January,BORDER COLLIE - MIX,Older than 7 years,MALE,true,LARGE,BLACK,Stray,Home
CAT,April,,,MALE,false,KITTN,BUFF,Stray,Other
DOG,July,,,MALE,false,PUPPY,CREAM,Stray,Other
CAT,September,,Older than 1 year,FEMALE,true,MED,BRN TABBY,Owner Surrender,Other
CAT,September,,,MALE,false,KITTN,BLUE,Stray,Euthanized
DOG,November,,,FEMALE,true,LARGE,BLACK,Stray,Home
CAT,July,,Infant - Younger than 6 months,MALE,false,KITTN,BRN TABBY,Stray,Other
DOG,June,,,FEMALE,false,LARGE,GRAY,Stray,Other
DOG,March,BEAGLE - MIX,,MALE,false,PUPPY,TAN,Stray,Other
DOG,May,GERM SHEPHERD - MIX,,FEMALE,false,MED,BROWN,Owner Surrender,Euthanized
DOG,August,PAPILLON - CHIHUAHUA LH,Older than 1 year,MALE,true,SMALL,WHITE,Owner Surrender,Home
DOG,August,RAT TERRIER - MIX,Infant - Younger than 6 months,MALE,true,PUPPY,TRICOLOR,Owner Surrender,Home
DOG,June,,Older than 1 year,MALE,false,LARGE,BROWN,Stray,Home
DOG,February,PIT BULL - LABRADOR RETR,Infant - Younger than 6 months,MALE,true,PUPPY,BLACK,Stray,Other
DOG,February,LABRADOR RETR - BERNESE MTN DOG,Infant - Younger than 6 months,MALE,false,PUPPY,BLACK,Owner Surrender,Other
CAT,July,,Infant - Younger than 6 months,MALE,false,KITTN,BRN TABBY,Stray,Other
DOG,April,AUST SHEPHERD - MIX,Older than 1 year,FEMALE,false,MED,WHITE,Stray,Other
CAT,March,,Older than 1 year,MALE,true,LARGE,BLACK,Owner Surrender,Home
CAT,May,,Infant - Younger than 6 months,MALE,true,KITTN,CREAM,Foster Return,Home
CAT,September,,Older than 1 year,FEMALE,true,LARGE,TORTIE,Stray,Home
DOG,September,BOXER - MIX,Older than 1 year,FEMALE,false,LARGE,TAN,Stray,Home
DOG,May,BORDER COLLIE - MIX,,FEMALE,true,MED,BLACK,Owner Surrender,Other
DOG,April,LABRADOR RETR - MIX,Older than 7 years,MALE,true,MED,TAN,Stray,Other
CAT,September,,,FEMALE,false,KITTN,GRAY TABBY,Owner Surrender,Euthanized
CAT,November,,Older than 1 year,MALE,false,MED,ORG TABBY,Stray,Euthanized
DOG,April,LABRADOR RETR - POINTER,,FEMALE,false,PUPPY,BLACK,Stray,Other
DOG,March,PUG - DACHSHUND,Youth - Younger than 1 year,MALE,true,SMALL,BROWN,Stray,Home
CAT,August,,,UNKNOWN,false,SMALL,BRN TABBY,Stray,Euthanized
CAT,March,,,MALE,true,LARGE,WHITE,Stray,Euthanized
CAT,October,,Infant - Younger than 6 months,FEMALE,true,KITTN,CALICO,Owner Surrender,Home
DOG,July,CHIHUAHUA SH - MIX,Older than 1 year,FEMALE,true,SMALL,BROWN,Owner Surrender,Euthanized
DOG,February,,Older than 1 year,MALE,false,LARGE,TAN,Stray,Euthanized
DOG,August,,,MALE,false,MED,BROWN,Owner Surrender,Euthanized
CAT,June,,Infant - Younger than 6 months,FEMALE,false,KITTN,BRN TABBY,Stray,Euthanized
DOG,January,,Older than 1 year,MALE,true,MED,WHITE,Owner Surrender,Euthanized
DOG,March,,Older than 1 year,FEMALE,true,MED,BROWN,Owner Surrender,Euthanized
DOG,May,,,MALE,false,LARGE,YELLOW,Impound,Other
CAT,August,,Infant - Younger than 6 months,MALE,true,KITTN,ORANGE,Stray,Other
DOG,August,,Older than 1 year,FEMALE,true,SMALL,BROWN,Stray,Other
DOG,May,AMER BULLDOG - MIX,Older than 1 year,MALE,false,X-LRG,BLACK,Stray,Home
CAT,February,,Older than 1 year,MALE,true,LARGE,BUFF,Foster Return,Home
DOG,December,,Older than 1 year,FEMALE,true,LARGE,BL BRINDLE,Stray,Other
DOG,March,JACK RUSS TER - MIX,Older than 1 year,MALE,true,SMALL,BROWN,Stray,Home
DOG,March,SIBERIAN HUSKY - MIX,Older than 1 year,MALE,true,LARGE,BLACK,Stray,Other
CAT,August,,Infant - Younger than 6 months,FEMALE,false,KITTN,ORANGE,Owner Surrender,Other
CAT,March,,Infant - Younger than 6 months,FEMALE,true,KITTN,BRN TABBY,Foster Return,Home
CAT,August,,,FEMALE,false,MED,GRAY,Stray,Euthanized
CAT,May,,Older than 1 year,FEMALE,true,MED,TORTIE,Stray,Home
DOG,July,PARSON RUSS TER - MIX,Older than 1 year,FEMALE,true,MED,BLACK,Owner Surrender,Home
DOG,April,DACHSHUND - MIX,Older than 1 year,FEMALE,true,MED,BLACK,Stray,Home
CAT,April,,,FEMALE,false,MED,GRAY,Stray,Other
DOG,September,,Older than 1 year,FEMALE,false,MED,RED,Impound,Euthanized
DOG,April,BEAGLE - MIX,Infant - Younger than 6 months,FEMALE,true,PUPPY,TAN,Stray,Home
CAT,October,,,MALE,false,LARGE,BRN TABBY,Owner Surrender,Euthanized
DOG,June,,Youth - Younger than 1 year,FEMALE,false,LARGE,BLUE,Owner Surrender,Euthanized
DOG,September,,Older than 1 year,FEMALE,true,MED,BROWN,Owner Surrender,Euthanized
DOG,February,NORFOLK TERRIER - MIX,,MALE,false,PUPPY,YELLOW,Stray,Other
CAT,June,,Infant - Younger than 6 months,FEMALE,false,KITTN,ORG TABBY,Stray,Euthanized
DOG,May,,Older than 1 year,MALE,true,LARGE,GRAY,Owner Surrender,Home
DOG,February,,,MALE,false,MED,TAN,Stray,Euthanized
DOG,January,,Older than 1 year,MALE,true,SMALL,TRICOLOR,Owner Surrender,Other
CAT,May,,,FEMALE,false,KITTN,BLACK,Stray,Euthanized
CAT,May,,Infant - Younger than 6 months,MALE,true,KITTN,ORG TABBY,Stray,Home
DOG,August,,Older than 1 year,MALE,true,LARGE,BLACK,Impound,Home
DOG,October,,Older than 1 year,FEMALE,false,MED,BROWN,Stray,Other
CAT,January,,Older than 1 year,MALE,false,MED,BLACK,Stray,Euthanized
CAT,August,,Infant - Younger than 6 months,FEMALE,false,KITTN,BLACK,Stray,Other
CAT,March,,Older than 1 year,FEMALE,true,MED,GRAY,Stray,Other
CAT,November,,Infant - Younger than 6 months,FEMALE,false,KITTN,ORG TABBY,Owner Surrender,Euthanized
CAT,June,,,UNKNOWN,false,LARGE,ORG TABBY,Stray,Euthanized
CAT,June,,Infant - Younger than 6 months,FEMALE,false,KITTN,ORANGE,Stray,Euthanized
DOG,April,,,MALE,false,LARGE,BLACK,Stray,Home
CAT,September,,,UNKNOWN,false,KITTN,BLACK,Stray,Euthanized
DOG,December,,Older than 1 year,MALE,true,LARGE,BLACK,Stray,Home
CAT,June,,Infant - Younger than 6 months,MALE,true,KITTN,GRAY,Stray,Home
DOG,January,BORDER COLLIE - SHETLD SHEEPDOG,Older than 1 year,FEMALE,true,MED,TRICOLOR,Owner Surrender,Home
CAT,April,,,MALE,false,KITTN,BRN TIGER,Stray,Other
DOG,April,,,MALE,true,LARGE,BROWN,Stray,Home
DOG,February,,Older than 1 year,MALE,true,SMALL,TAN,Owner Surrender,Home
CAT,November,,Older than 1 year,FEMALE,false,MED,BRN TABBY,Stray,Euthanized
DOG,January,,,MALE,false,LARGE,BLACK,Owner Surrender,Euthanized
DOG,February,,Older than 7 years,FEMALE,true,LARGE,GOLD,Stray,Other
DOG,July,,,MALE,false,MED,WHITE,Stray,Home
CAT,July,,Infant - Younger than 6 months,MALE,true,KITTN,BRN TABBY,Foster Return,Home
DOG,July,,Older than 1 year,MALE,true,SMALL,WHITE,Owner Surrender,Home
CAT,February,,,UNKNOWN,false,LARGE,WHITE,Stray,Euthanized
DOG,August,ROTTWEILER - MIX,Older than 1 year,MALE,true,LARGE,BLACK,Disposal Request by Public,Other
DOG,April,,Older than 1 year,FEMALE,true,LARGE,BLACK,Stray,Other
DOG,March,GERM SHEPHERD - PIT BULL,,MALE,false,PUPPY,BROWN,Stray,Other
DOG,September,,Youth - Younger than 1 year,FEMALE,true,MED,WHITE,Stray,Home
DOG,August,LABRADOR RETR - GREAT DANE,Older than 7 years,MALE,true,LARGE,BROWN,Owner Surrender,Euthanized
DOG,December,BEAGLE - GERM SH POINT,Youth - Younger than 1 year,MALE,true,PUPPY,WHITE,Owner Surrender,Other
CAT,June,,Infant - Younger than 6 months,MALE,false,KITTN,GRAY TABBY,Stray,Other
DOG,September,LABRADOR RETR - MIX,Older than 7 years,MALE,false,MED,BROWN,Stray,Euthanized
CAT,April,,,UNKNOWN,false,KITTN,BRN TABBY,Stray,Other
CAT,June,,Infant - Younger than 6 months,FEMALE,true,KITTN,TORTIE,Foster Return,Home
CAT,August,,Infant - Younger than 6 months,UNKNOWN,false,KITTN,GRAY,Owner Surrender,Euthanized
CAT,July,,Infant - Younger than 6 months,FEMALE,true,KITTN,BRN TABBY,Owner Surrender,Home
DOG,July,,Older than 1 year,MALE,true,LARGE,BLACK,Stray,Other
DOG,March,LABRADOR RETR - MIX,,FEMALE,false,MED,BLACK,Stray,Euthanized
DOG,March,BLACK/TAN HOUND - MIX,Older than 7 years,MALE,true,MED,BLACK,Stray,Home
CAT,June,,Infant - Younger than 6 months,MALE,true,KITTN,GRAY,Stray,Other
DOG,May,,,MALE,false,PUPPY,WHITE,Stray,Euthanized
CAT,May,,,UNKNOWN,false,LARGE,BLACK,Stray,Other
CAT,February,,,UNKNOWN,false,KITTN,WHITE,Owner Surrender,Other
CAT,January,,Youth - Younger than 1 year,MALE,true,MED,BLACK,Stray,Home
DOG,March,JACK RUSS TER - MIX,Infant - Younger than 6 months,FEMALE,false,PUPPY,WHITE,Stray,Home
DOG,February,,Older than 1 year,MALE,true,MED,RED,Owner Surrender,Other
CAT,March,,,MALE,false,LARGE,GRAY,Stray,Euthanized
DOG,August,AUST CATTLE DOG - MIX,,FEMALE,false,LARGE,WHITE,Stray,Other
DOG,April,,,FEMALE,true,LARGE,BLACK,Stray,Other
CAT,March,,,UNKNOWN,false,MED,GRAY,Stray,Other
CAT,September,,Infant - Younger than 6 months,FEMALE,false,KITTN,BLACK,Owner Surrender,Euthanized
DOG,February,BEAGLE - MIX,,MALE,false,MED,TRICOLOR,Stray,Euthanized
DOG,September,RAT TERRIER - BASENJI,Infant - Younger than 6 months,MALE,true,PUPPY,WHITE,Stray,Other
CAT,August,,Infant - Younger than 6 months,FEMALE,false,KITTN,GRAY,Stray,Euthanized
CAT,July,,Infant - Younger than 6 months,FEMALE,true,KITTN,CALICO,Owner Surrender,Other
CAT,August,,,FEMALE,false,KITTN,CALICO,Stray,Euthanized
DOG,March,SHIH TZU - MIX,Older than 7 years,MALE,true,SMALL,BLACK,Owner Surrender,Other
CAT,June,,Older than 1 year,FEMALE,true,MED,BLK TABBY,Stray,Home
DOG,September,LABRADOR RETR - PIT BULL,Youth - Younger than 1 year,MALE,true,PUPPY,BLACK,Owner Surrender,Euthanized
DOG,June,PIT BULL - MIX,Infant - Younger than 6 months,MALE,true,PUPPY,CHOCOLATE,Owner Surrender,Other
DOG,April,,,MALE,true,LARGE,YELLOW,Stray,Home
CAT,May,,Infant - Younger than 6 months,MALE,false,KITTN,BRN TABBY,Stray,Other
CAT,June,,Older than 1 year,MALE,false,MED,BLACK,Owner Surrender,Euthanized
CAT,January,,,UNKNOWN,false,LARGE,ORANGE,Stray,Euthanized
DOG,December,SHIH TZU - MIX,Older than 1 year,FEMALE,true,SMALL,WHITE,Stray,Other
CAT,February,,,FEMALE,false,MED,GRAY,Stray,Euthanized
CAT,August,,Older than 1 year,MALE,true,MED,BRN TIGER,Stray,Other
CAT,May,,Infant - Younger than 6 months,UNKNOWN,false,KITTN,BLK TABBY,Stray,Euthanized
DOG,August,FOX TERR WIRE - MIX,,FEMALE,true,MED,WHITE,Owner Surrender,Other
DOG,April,,,MALE,false,MED,RED,Stray,Euthanized
DOG,November,BEAGLE - MIX,Older than 1 year,FEMALE,true,MED,TRICOLOR,Owner Surrender,Home
CAT,July,,,UNKNOWN,false,LARGE,GRAY,Stray,Euthanized
CAT,September,,Youth - Younger than 1 year,FEMALE,false,MED,CALICO,Stray,Other
CAT,August,,,UNKNOWN,false,KITTN,GRAY,Owner Surrender,Euthanized
CAT,April,,,UNKNOWN,false,LARGE,BRN TIGER,Stray,Euthanized
CAT,June,,Infant - Younger than 6 months,UNKNOWN,false,KITTN,BLACK,Owner Surrender,Euthanized
DOG,August,,Older than 1 year,FEMALE,true,LARGE,BLACK,Owner Surrender,Euthanized
CAT,July,,,UNKNOWN,false,KITTN,BLACK,Stray,Euthanized
CAT,June,,Older than 1 year,FEMALE,false,MED,GRAY,Stray,Euthanized
DOG,July,,Older than 1 year,MALE,true,SMALL,BLACK,Stray,Home
DOG,March,AMER BULLDOG - BOXER,Youth - Younger than 1 year,FEMALE,false,MED,WHITE,Stray,Other
DOG,June,,Youth - Younger than 1 year,FEMALE,true,MED,BL BRINDLE,Stray,Home
DOG,September,,Youth - Younger than 1 year,MALE,true,MED,BLACK,Stray,Other
CAT,April,,Older than 1 year,FEMALE,true,MED,CALICO,Owner Surrender,Home
CAT,July,,,UNKNOWN,false,MED,GRAY,Owner Surrender,Euthanized
DOG,July,,Youth - Younger than 1 year,MALE,true,MED,BLACK,Stray,Home
CAT,July,,Infant - Younger than 6 months,FEMALE,true,KITTN,BRN TABBY,Stray,Other
CAT,August,,Older than 1 year,FEMALE,true,LARGE,GRAY TABBY,Stray,Home
DOG,June,,,FEMALE,false,MED,BROWN,Stray,Euthanized
CAT,February,,,UNKNOWN,false,SMALL,BLACK,Stray,Euthanized
CAT,January,,Infant - Younger than 6 months,FEMALE,false,SMALL,WHITE,Owner Surrender,Other
DOG,March,BORDER COLLIE - LABRADOR RETR,,MALE,false,MED,BLACK,Owner Surrender,Euthanized
CAT,September,,Infant - Younger than 6 months,MALE,false,KITTN,BRN TABBY,Stray,Euthanized
CAT,March,,Older than 1 year,MALE,true,X-LRG,ORG TABBY,Foster Return,Euthanized
DOG,October,YORKSHIRE TERR - SCHNAUZER MIN,Older than 1 year,MALE,true,SMALL,TAN,Owner Surrender,Home
DOG,January,,Youth - Younger than 1 year,MALE,true,MED,TAN,Stray,Other
CAT,June,,,FEMALE,false,MED,BLACK,Stray,Euthanized
DOG,July,,Older than 1 year,MALE,true,LARGE,BROWN,Stray,Other
CAT,April,,Infant - Younger than 6 months,UNKNOWN,false,KITTN,BLACK,Stray,Euthanized
DOG,March,BOXER - MIX,,FEMALE,false,PUPPY,BROWN,Stray,Other
CAT,September,,,MALE,true,LARGE,BLK TABBY,Owner Surrender,Euthanized
CAT,March,,Older than 1 year,FEMALE,false,MED,WHITE,Owner Surrender,Euthanized
DOG,September,CHIHUAHUA SH - MIX,Infant - Younger than 6 months,FEMALE,true,PUPPY,BROWN,Foster Return,Home
DOG,March,GERM SHEPHERD - MIX,,MALE,true,LARGE,RED,Stray,Home
CAT,June,,Youth - Younger than 1 year,FEMALE,true,MED,BRN TABBY,Stray,Other
CAT,October,,Infant - Younger than 6 months,FEMALE,true,KITTN,WHITE,Owner Surrender,Home
CAT,July,,Infant - Younger than 6 months,FEMALE,true,KITTN,WHITE,Stray,Other
DOG,May,LABRADOR RETR - PIT BULL,,FEMALE,false,LARGE,FAWN,Stray,Other
CAT,November,,,FEMALE,false,KITTN,CALICO,Stray,Euthanized
CAT,August,,,FEMALE,false,X-LRG,UNKNOWN,Reported Lost by Public,Other
CAT,June,,Infant - Younger than 6 months,UNKNOWN,false,KITTN,BRN TABBY,Stray,Euthanized
DOG,April,,,FEMALE,false,PUPPY,WHITE,Stray,Home
DOG,June,POODLE MIN - MIX,Older than 1 year,MALE,true,SMALL,BLACK,Stray,Other
CAT,January,,Older than 1 year,FEMALE,false,LARGE,GRAY,Owner Surrender,Euthanized
CAT,August,,,FEMALE,false,KITTN,ORANGE,Stray,Euthanized
CAT,May,,,FEMALE,false,KITTN,CALICO,Stray,Other
DOG,April,,,FEMALE,false,MED,BROWN,Stray,Euthanized
CAT,December,,Infant - Younger than 6 months,MALE,true,KITTN,GRAY TABBY,Stray,Other
CAT,July,,,MALE,false,KITTN,WHITE,Owner Surrender,Euthanized
DOG,May,BOXER - MIX,,FEMALE,false,PUPPY,BR BRINDLE,Stray,Other
DOG,July,,Youth - Younger than 1 year,MALE,false,X-LRG,TRICOLOR,Owner Surrender,Other
CAT,June,,Infant - Younger than 6 months,MALE,true,KITTN,BLACK,Foster Return,Home
CAT,August,,Infant - Younger than 6 months,MALE,true,KITTN,SEAL PT,Stray,Other
CAT,July,,Infant - Younger than 6 months,MALE,true,KITTN,ORG TABBY,Owner Surrender,Home
DOG,August,,Infant - Younger than 6 months,MALE,true,SMALL,BLACK,Stray,Home
CAT,March,,Infant - Younger than 6 months,FEMALE,true,KITTN,BLK TABBY,Stray,Other
CAT,September,,Older than 1 year,MALE,true,MED,FAWN,Stray,Home
DOG,February,,,FEMALE,false,MED,TRICOLOR,Stray,Other
CAT,May,,Older than 1 year,FEMALE,true,LARGE,GRAY TABBY,Stray,Euthanized
CAT,July,,,MALE,false,MED,GRAY,Stray,Euthanized
DOG,June,,Older than 1 year,MALE,true,MED,TRICOLOR,Stray,Other
CAT,May,,Infant - Younger than 6 months,FEMALE,true,KITTN,BLACK,Stray,Home
CAT,May,,Infant - Younger than 6 months,UNKNOWN,false,MED,ORANGE,Stray,Other
CAT,March,,Infant - Younger than 6 months,MALE,false,KITTN,GRAY TABBY,Stray,Euthanized
DOG,June,,Older than 1 year,MALE,true,LARGE,BLACK,Stray,Other
DOG,February,,Older than 1 year,MALE,true,MED,BLACK,Owner Surrender,Home
CAT,March,,,FEMALE,false,LARGE,BLACK,Stray,Euthanized
DOG,January,,,FEMALE,false,SMALL,TAN,Stray,Other
CAT,June,,,FEMALE,false,LARGE,TORTIE,Stray,Euthanized
DOG,June,,Youth - Younger than 1 year,FEMALE,true,MED,BLACK,Stray,Other
DOG,August,PEKINGESE - SHIH TZU,Older than 1 year,FEMALE,true,TOY,CREAM,Owner Surrender,Home
DOG,May,,Older than 1 year,FEMALE,true,MED,RED,Stray,Home
CAT,February,,Youth - Younger than 1 year,FEMALE,true,MED,WHITE,Stray,Other
CAT,April,,Youth - Younger than 1 year,FEMALE,true,KITTN,GRAY,Foster Return,Home
CAT,December,,,UNKNOWN,false,SMALL,WHITE,Stray,Euthanized
DOG,April,,,MALE,false,MED,BLACK,Stray,Euthanized
CAT,April,,Infant - Younger than 6 months,FEMALE,true,KITTN,BLACK,Owner Surrender,Other
DOG,August,BLUETICK HOUND - BOXER,Youth - Younger than 1 year,FEMALE,true,MED,BROWN,Stray,Home
CAT,June,,Older than 1 year,FEMALE,false,MED,TORTIE,Stray,Euthanized
DOG,July,,Older than 7 years,MALE,false,LARGE,RED,Owner Surrender,Other
DOG,July,POMERANIAN - SIBERIAN HUSKY,Infant - Younger than 6 months,MALE,false,PUPPY,TRICOLOR,Impound,Home
CAT,August,,Older than 1 year,FEMALE,true,LARGE,BLACK,Owner Surrender,Other
DOG,May,,Older than 1 year,FEMALE,true,MED,BLACK,Stray,Home
DOG,August,DACHSHUND - MIN PINSCHER,Older than 1 year,MALE,true,SMALL,TRICOLOR,Owner Surrender,Home
DOG,May,,Older than 7 years,MALE,false,MED,BLACK,Stray,Home
DOG,July,,Older than 7 years,MALE,false,X-LRG,BROWN,Stray,Home
CAT,July,,,FEMALE,false,LARGE,BLACK,Stray,Euthanized
DOG,August,SCHNAUZER MIN - MIX,Older than 1 year,MALE,true,SMALL,GRAY,Stray,Home
CAT,June,,Infant - Younger than 6 months,MALE,true,KITTN,BLACK,Owner Surrender,Home
CAT,April,,,FEMALE,false,KITTN,BLACK,Stray,Euthanized
CAT,August,,,FEMALE,false,SMALL,UNKNOWN,Reported Lost by Public,Other
CAT,May,,,MALE,false,MED,GRAY,Stray,Euthanized
DOG,January,LABRADOR RETR - MIX,Infant - Younger than 6 months,MALE,true,PUPPY,WHITE,Owner Surrender,Home
DOG,October,,Older than 1 year,MALE,true,LARGE,TRICOLOR,Owner Surrender,Euthanized
DOG,November,,Older than 1 year,MALE,true,MED,BL BRINDLE,Stray,Euthanized
DOG,January,,,FEMALE,false,MED,BLUE,Stray,Euthanized
CAT,May,SOMALI - ABYSSINIAN,Infant - Younger than 6 months,MALE,true,KITTN,ORANGE,Owner Surrender,Home
CAT,May,,Infant - Younger than 6 months,UNKNOWN,false,KITTN,CALICO,Stray,Euthanized
DOG,January,,Older than 1 year,MALE,false,LARGE,BROWN,Stray,Home
DOG,June,,Older than 1 year,MALE,false,LARGE,BROWN,Owner Surrender,Other
DOG,March,,Older than 7 years,MALE,false,X-LRG,BLACK,Owner Surrender,Euthanized
DOG,May,CHIHUAHUA SH - BEAGLE,Older than 1 year,MALE,true,SMALL,BLACK,Owner Surrender,Other
DOG,May,,Infant - Younger than 6 months,FEMALE,false,PUPPY,TAN,Impound,Other
DOG,June,,,FEMALE,true,SMALL,WHITE,Owner Surrender,Euthanized
DOG,September,,Older than 1 year,FEMALE,true,MED,RED,Stray,Other
CAT,April,,,UNKNOWN,false,MED,GRAY TABBY,Stray,Home
DOG,December,,Older than 7 years,FEMALE,false,SMALL,WHITE,Stray,Euthanized
DOG,August,BEAGLE - JACK RUSS TER,Older than 1 year,MALE,true,MED,BROWN,Owner Surrender,Home
DOG,July,PEKINGESE - POODLE MIN,Older than 7 years,FEMALE,true,SMALL,TAN,Owner Surrender,Home
CAT,July,,Infant - Younger than 6 months,FEMALE,false,KITTN,GRAY,Stray,Other
DOG,February,BEAGLE - MIX,Older than 1 year,FEMALE,true,LARGE,TRICOLOR,Stray,Other
DOG,July,,Older than 1 year,FEMALE,true,SMALL,TAN,Owner Surrender,Other
CAT,June,,Older than 1 year,FEMALE,true,X-LRG,BRN TABBY,Owner Surrender,Euthanized
DOG,March,,Older than 1 year,FEMALE,true,MED,TAN,Stray,Home
DOG,June,,,MALE,false,MED,BLACK,Stray,Home
DOG,August,DACHSHUND - CHIHUAHUA SH,Older than 1 year,FEMALE,true,SMALL,TRICOLOR,Stray,Home
DOG,June,GERM SHEPHERD - MIX,,MALE,false,X-LRG,BROWN,Owner Surrender,Euthanized
DOG,May,PUG - AMER ESKIMO,Infant - Younger than 6 months,MALE,false,SMALL,FAWN,Owner Surrender,Other
DOG,March,,,MALE,true,X-LRG,WHITE,Stray,Other
CAT,January,,Older than 1 year,MALE,true,MED,BLACK,Stray,Home
DOG,October,,,MALE,true,LARGE,WHITE,Stray,Home
DOG,July,,,FEMALE,false,MED,BROWN,Stray,Euthanized
CAT,April,,Older than 7 years,FEMALE,false,LARGE,ORG TABBY,Owner Surrender,Other
DOG,October,GERM SHEPHERD - MIX,Older than 1 year,FEMALE,false,LARGE,BROWN,Owner Surrender,Euthanized
CAT,October,,,UNKNOWN,false,MED,GRAY TABBY,Stray,Euthanized
DOG,April,,Youth - Younger than 1 year,FEMALE,true,PUPPY,BLACK,Stray,Home
CAT,August,,Infant - Younger than 6 months,MALE,false,KITTN,BRN TABBY,Owner Surrender,Euthanized
DOG,October,,Youth - Younger than 1 year,MALE,false,MED,BR BRINDLE,Stray,Other
DOG,August,LABRADOR RETR - MIX,,FEMALE,false,SMALL,BLACK,Stray,Other
CAT,October,,,FEMALE,false,MED,GRAY,Stray,Euthanized
DOG,August,,Older than 7 years,MALE,true,MED,WHITE,Owner Surrender,Euthanized
CAT,June,,Youth - Younger than 1 year,FEMALE,true,SMALL,BRN TABBY,Foster Return,Home
CAT,November,,Youth - Younger than 1 year,FEMALE,true,MED,GRAY TABBY,Owner Surrender,Home
DOG,May,,Older than 1 year,FEMALE,true,SMALL,WHITE,Impound,Home
CAT,December,,Infant - Younger than 6 months,MALE,true,KITTN,BRN TABBY,Stray,Other
CAT,May,,Older than 1 year,MALE,true,SMALL,ORG TABBY,Owner Surrender,Other
DOG,August,,,FEMALE,false,MED,UNKNOWN,Reported Lost by Public,Other
CAT,March,,,UNKNOWN,false,KITTN,BLACK,Owner Surrender,Other
DOG,April,,,MALE,false,LARGE,BLUE,Stray,Euthanized
CAT,October,,Infant - Younger than 6 months,MALE,false,KITTN,BRN TABBY,Owner Surrender,Euthanized
DOG,April,GOLDEN RETR - MIX,Older than 7 years,FEMALE,true,MED,GOLD,Owner Surrender,Euthanized
DOG,January,GERM SHEPHERD - MIX,Youth - Younger than 1 year,MALE,false,LARGE,TAN,Owner Surrender,Euthanized
DOG,March,JACK RUSS TER - BEAGLE,Infant - Younger than 6 months,MALE,true,PUPPY,TRICOLOR,Stray,Home
CAT,May,,,UNKNOWN,false,KITTN,TAN,Stray,Euthanized
CAT,January,,,MALE,true,LARGE,ORG TABBY,Stray,Euthanized
DOG,April,,,MALE,false,MED,BROWN,Stray,Euthanized
CAT,March,,Infant - Younger than 6 months,UNKNOWN,false,KITTN,WHITE,Owner Surrender,Other
CAT,May,,,FEMALE,false,LARGE,BRN TIGER,Stray,Euthanized
CAT,February,,,FEMALE,false,LARGE,BLACK,Stray,Euthanized
CAT,June,,,UNKNOWN,false,MED,GRAY TABBY,Stray,Euthanized
CAT,August,,,UNKNOWN,false,MED,GRAY,Stray,Euthanized
